name,category,address,postcode,lat,lng,phone,website,price_range
Scarisbrick Hotel Southport,restaurants,"239 Lord Street, Southport",,53.6475873,-3.007681400000001,,,
Prince of Wales Hotel Southport,restaurants,"Lord Street, Southport",,53.645548,-3.008915399999999,,,
The Vincent Hotel,restaurants,"98 Lord Street, Southport",,53.6466408,-3.007189,,,
Premier Inn Southport Central hotel,restaurants,"Waterside Lodge, Marine Drive, Southport",,53.6512068,-3.014047699999999,,,
The Bold Hotel,restaurants,"583 Lord Street, Southport",,53.65116640000001,-3.0009283,,,
Dukes Folly Hotel,restaurants,"11 Duke Street, Southport",,53.6437693,-3.0118374,,,
Premier Inn Southport (Ormskirk) hotel,restaurants,"544 Southport Road, Scarisbrick, Ormskirk",,53.6101324,-2.9347793,,,
Royal Clifton Hotel Southport,restaurants,"Promenade, Southport",,53.6471436,-3.0104656,,,
Pontins Southport Holiday Park,restaurants,"Shore Road, Southport",,53.606823,-3.059132999999999,,,
Formby Hall Golf Resort & Spa,restaurants,"Southport Old Road, Formby, Liverpool",,53.5777928,-3.0433242,,,
Crete Greek Taverna,restaurants,"20A Gordon Street, Southport",,53.6519622,-3.0002133,,,
Subway,restaurants,"Southport Old Road, Formby, Liverpool",,53.5687805,-3.0483507,,,
Nellie Indian Restaurant,restaurants,"560 Southport Road, Scarisbrick, Ormskirk",,53.5984153,-2.9262282,,,
Volare,restaurants,"613-619 Lord Street, Southport",,53.65159629999999,-3.0002556,,,
Chez Moi,restaurants,"569 Lord Street, Southport",,53.6509323,-3.0013869,,,
Subway,restaurants,"148-150 Cambridge Road, Churchtown, Southport",,53.6610525,-2.9661806,,,
Subway,restaurants,"6 Eastbank Street, Southport",,53.64658379999999,-3.0066626,,,
Curry House Indian Takeaway,restaurants,"3, Crown Buildings, 2 Liverpool Road, Southport",,53.6173855,-3.0159781,,,
Straits Kitchen,restaurants,"101 Lytham Road, Southport",,53.6699188,-2.966130499999999,,,
Birkdale Tandoori,restaurants,"23 Upper Aughton Road, Southport",,53.636879,-3.00914,,,
Fish Loves Chips,restaurants,"51-53 Station Road, Southport",,53.6019693,-3.0417888,,,
Lal Qila Takeaway,restaurants,"6 High Park Road, Southport",,53.65298989999999,-2.965637499999999,,,
Vincent Café & Restaurant,restaurants,"98 Lord Street, Southport",,53.64659540000001,-3.0074051,,,
The Thatch and Thistle,restaurants,"147 Norwood Road, Southport",,53.6394882,-2.97297,,,
The Lotus,restaurants,"1 Clifford Road, Southport",,53.6228311,-3.012132,,,
Barton Butchers (W. Barton & Sons Ltd),restaurants,"82A Old Park Lane, Southport",,53.6501212,-2.9675403,,,
The Sandgrounder Traditional Fish & Chips,restaurants,"60-62 Nevill Street, Southport",,53.650298,-3.0066091,,,
Croziers of Birkdale,restaurants,"13A Liverpool Road, Southport",,53.63427780000001,-3.013376,,,
Southport Seafoods,restaurants,"11 Shellfield Road, Southport",,53.6679839,-2.9686624,,,
Langdons of Southport,restaurants,"169-185 Preston New Road, Southport",,53.6704307,-2.957486499999999,,,
Waterfields,restaurants,"18 Station Road, Southport",,53.60268849999999,-3.035873099999999,,,
Just Wings Southport,restaurants,"4-6 Cable Street, Southport",,53.64922079999999,-3.005829599999999,,,
Bistrot Pierre - Southport,restaurants,"377-385 Lord Street, Southport",,53.6490916,-3.0046268,,,
Caffe Dolce (Southport) Ltd,restaurants,"409 Lord Street, Southport",,53.64937810000001,-3.004318,,,
The Office Bar & Restaurant,restaurants,"36 Anchor Street, Southport",,53.6484019,-3.002221499999999,,,
Lansdowne Bistro,restaurants,"22 Anchor Street, Southport",,53.64887400000001,-3.0017375,,,
The Conservatory Bar,restaurants,"Royal Clifton, The, Promenade, Southport",,53.6467941,-3.0112373,,,
Rockwave Fireworks,restaurants,"66-68 Tulketh Street, Southport",,53.6446654,-3.0014226,,,
Buttylicious,restaurants,"8, Leicester Street, Southport",,53.65238000000001,-2.9994419,,,
Ocean Plaza Brewers Fayre,restaurants,"Ocean Plaza, Marine Drive, Southport",,53.6509358,-3.0145562,,,
Golden Dragon Chinese & English Takeaway,restaurants,"36 Shakespeare Street, Southport",,53.6406432,-3.002886199999999,,,
Roberto's Italian,restaurants,"Marine Parade, Southport",,53.6521726,-3.0150559,,,
KFC Southport - Ocean Plaza,restaurants,"Ocean Plaza, Marine Drive, Southport",,53.6538497,-3.0130157,,,
Bluto's pizza and grill,restaurants,"94A Shakespeare Street, Southport",,53.6393827,-3.0050645,,,
Birkers Bar & Grill,restaurants,"4A Liverpool Road, Southport",,53.6339134,-3.0140851,,,
Joarr Emporium Cafe & Takeaway,restaurants,"139 Bispham Road, Southport",,53.6480956,-2.969627,,,
bp,restaurants,"Scarisbrick New Road, Southport",,53.6333972,-2.9713901,,,
Tesco Cafe,restaurants,"Town Lane Kew, Southport",,53.6316727,-2.97179,,,
Pizzas & Co,restaurants,"187a Liverpool Road, Birkdale, Southport",,53.6221478,-3.0122128,,,
Remedy Churchtown,restaurants,"33 Botanic Road, Southport",,53.6587446,-2.9646778,,,
Lucky Garden Fish & Chips Chinese Takeaway,restaurants,"239 Liverpool Road, Birkdale, Southport",,53.61973509999999,-3.0150926,,,
Subway,restaurants,"Spar, 251 Liverpool Road, Southport",,53.6188235,-3.0153805,,,
Taylors Continental Beer and Wine Bar,restaurants,"1, Crown Buildings, Liverpool Road, Birkdale, Southport",,53.6175165,-3.0158933,,,
Itsy Bitsy Thai,restaurants,"63 Southport Road, Southport",,53.6278316,-2.9644941,,,
bp,restaurants,"Preston New Road, Crossens, Southport",,53.6743855,-2.9534446,,,
The Mallard,restaurants,"7 Station Road, Ainsdale, Southport",,53.6024742,-3.0349938,,,
Tipple Bar,restaurants,"42 Station Road, Southport",,53.6025473,-3.0372382,,,
The Fairway Grill and Bar @ Formby Hall,restaurants,"Formby Hall Golf Resort & Spa, Southport Old Road, Formby, Liverpool",,53.57834580000001,-3.0432747,,,
Turkish Delight,restaurants,"9 Coronation Walk, Southport",,53.64620919999999,-3.0109649,,,
MR CHIPS,restaurants,"5 Preston New Road, Southport",,53.6626297,-2.9654449,,,
Costa Coffee,cafes,"461-463 Lord Street, Southport",,53.649823,-3.0032933,,,
Caffè Nero,cafes,"26-28 Chapel Street, Southport",,53.6467463,-3.0044602,,,
Tapper's Cafe Bar,cafes,"9 Union Street, Southport",,53.6503847,-2.9995888,,,
Bill Rimmer's Cafe and Tea Room,cafes,"Longacres Farm, Bentham's Way, Southport",,53.6268488,-2.996619,,,
Silcock's Flavours Ice Cream Parlour,cafes,"32 Nevill Street, Southport",,53.6495288,-3.0054839,,,
The Atkinson,cafes,"The Atkinson, Lord Street, Southport",,53.6473159,-3.005842300000001,,,
Caffè Nero,cafes,"353 Lord Street, Southport",,53.6486904,-3.0052324,,,
Costa Coffee,cafes,"Unit A, 1 Chapel Street, Southport",,53.64644599999999,-3.005881,,,
Costa Coffee,cafes,"Unit 10, C12 - Central Twelve Shopping Park, Southport",,53.645369,-2.995507,,,
Southport Pier Pavilion,cafes,"The, Promenade, Southport",,53.65517699999999,-3.0209636,,,
Costa Coffee,cafes,"8 Liverpool Road, Southport",,53.633957,-3.013754,,,
Mecycle Cafe & Bike Workshop,cafes,"59 Station Road, Ainsdale, Southport",,53.601979,-3.042089,,,
Jollie's Barn,cafes,"The Gravel, Preston",,53.6618189,-2.8870869,,,
Asda Southport Superstore,cafes,"C12 - Central Twelve Shopping Park, Derby Road, Southport",,53.6454726,-2.9972656,,,
Botanic Gardens Cafe,cafes,"Botanic Road, Southport",,53.66055,-2.9598341,,,
Primrose hill nurseries,cafes,"Asmall Lane, Ormskirk",,53.5795249,-2.9233648,,,
The Farm Burscough,cafes,"71 Martin Lane, Burscough, Ormskirk",,53.6095816,-2.8875404,,,
Dukes Wine Bar & Bistro,cafes,"108 Station Road, Southport",,53.60219190000001,-3.0411732,,,
Waterfields,cafes,"138 Cambridge Road, Southport",,53.66166699999999,-2.966403,,,
Shakespeare's Cafe And Sandwich Bar,cafes,"38 Shakespeare Street, Southport",,53.6406013,-3.0029229,,,
Marks & Spencer,cafes,"34 Chapel Street, Southport",,53.64679,-3.00371,,,
Lords Cafe Bar,cafes,"659 Lord Street, Southport",,53.65197,-2.999454000000001,,,
Southport Salvation Army,cafes,"65 Shakespeare Street, Southport",,53.6397747,-3.003860599999999,,,
The Bridge Cafe,cafes,"3 Hart Street, Southport",,53.6434957,-2.9881256,,,
Café 1821,cafes,"Lord Street, Southport",,53.6480025,-3.0048845,,,
A Great Little Place,cafes,"The Atkinson, Lord Street, Southport",,53.6472285,-3.005873100000001,,,
Hugo Lounge,cafes,"23 Chapel Street, Southport",,53.6470316,-3.0045243,,,
Southport FC Community Foundation Coffee House,cafes,"112 Lord Street, Southport",,53.6472195,-3.0068167,,,
Dilaras,cafes,"347 Lord Street, Southport",,53.64869720000001,-3.005419299999999,,,
M&S Café,cafes,"Chapel Street, Southport",,53.6466951,-3.0036797,,,
The Junction,cafes,"311-317 Lord Street, Southport",,53.6486184,-3.0064287,,,
SIP Southport,cafes,"11 London Street, Southport",,53.64843930000001,-3.0035771,,,
Occulo Lounge,cafes,"367 Lord Street &, 3-9 Nevill Street, Southport",,53.6489525,-3.0050997,,,
Lucy's Coffee Shop,cafes,"4, 8 Anchor Street, Southport",,53.648212,-3.0030382,,,
To Die for Coffee Bistro,cafes,"13a, Marble Place Shopping Centre, Chapel Street, Southport",,53.6461941,-3.004678,,,
Pudding & Pie,cafes,"39-43, Wayfarers Arcade, Southport",,53.6486981,-3.0071192,,,
Roxy’s Cafe,cafes,"42 London Street, Southport",,53.6472081,-3.002410100000001,,,
The Engine Room,cafes,"44, Wayfarers Arcade, West Street, Southport",,53.6489045,-3.007038,,,
"Season Coffee, Bar & Kitchen",cafes,"14-16 King Street, Southport",,53.6462151,-3.007142399999999,,,
The Whistle Stop,cafes,"59-61 London Street, Southport",,53.6473135,-3.0018657,,,
Something Special,cafes,"59-61 London Street, Southport",,53.6473135,-3.0018657,,,
Hoghton Lounge Bar,cafes,"11C Hoghton Street, Southport",,53.6484711,-3.0019935,,,
Wine & Words by Watson,cafes,"423-425 Lord Street, Southport",,53.64952770000001,-3.0038353,,,
DELIZZI,cafes,"41 Tulketh Street, Southport",,53.6456898,-3.0035554,,,
Tea Symphony,cafes,"15 Wesley Street, Southport",,53.64556159999999,-3.0038725,,,
HARP coffee and games,cafes,"Unit 1, 28 King Street, Southport",,53.6458932,-3.007632000000001,,,
Walkers on Wesley Street,cafes,"1 Wesley Street, Southport",,53.6453638,-3.0043071,,,
Café Dale,cafes,"47 Tulketh Street, Southport",,53.6455267,-3.0033749,,,
O Portugues,cafes,"13-15 Princes Street, Southport",,53.6451899,-3.0057404,,,
Food For Thought,cafes,"London Street, Southport",,53.64686270000001,-3.0012526,,,
The Metro Hotel,bars-nightlife,"3 Portland Street, Southport",,53.6449813,-3.008609499999999,,,
The Wellington,bars-nightlife,"22 Eastbank Street, Southport",,53.6457159,-3.005546299999999,,,
Arthur’s Pub & Rooms Churchtown,bars-nightlife,"145-147 Cambridge Road, Southport",,53.6612466,-2.9655259,,,
Barons Bar,bars-nightlife,"239 Lord Street, Southport",,53.6475873,-3.007681400000001,,,
Zetland Hotel,bars-nightlife,"53 Zetland Street, Southport",,53.6474719,-2.990267799999999,,,
Tap & Bottles,bars-nightlife,"19A Cambridge Walks, Southport",,53.647223,-3.0056238,,,
The Ship & Anchor,bars-nightlife,"5 Cable Street, Southport",,53.6491167,-3.0057664,,,
The New Hideout,bars-nightlife,"1 Hoghton Place, Southport",,53.6481432,-3.0024024,,,
Beach Bar,bars-nightlife,"4-8 Waverley Street, Southport",,53.64747329999999,-3.0085363,,,
Mistletoe Mansion,bars-nightlife,"32 West Street, Southport",,53.64741129999999,-3.008787700000001,,,
The Sporting Jester,bars-nightlife,"57-59 Eastbank Street, Southport",,53.6452655,-3.0045619,,,
The Sir Henry Segrave,bars-nightlife,"93-97 Lord Street, Southport",,53.64592199999999,-3.0105654,,,
Guelder Rose,bars-nightlife,"50 Marine Drive, Southport",,53.6534096,-3.0111167,,,
The Blue Anchor,bars-nightlife,"Tithebarn Road, Southport",,53.6437305,-2.9872171,,,
Word of Mouth Wine Bar Southport,bars-nightlife,"27 Hesketh Drive, Southport",,53.6551286,-2.9741255,,,
Elite Marquees Ltd,bars-nightlife,"2 Crowland Street, Southport",,53.6404426,-2.9706078,,,
The Waters edge bar,bars-nightlife,"The Gravel, Preston",,53.6544644,-2.8934513,,,
The Sparrowhawk,bars-nightlife,"Southport Old Road, Formby",,53.58505539999999,-3.0406567,,,
The Richmond,bars-nightlife,"234 Scarisbrick New Road, Southport",,53.6340355,-2.9736816,,,
Auberge Brasserie,bars-nightlife,"1-3 Seabank Road, Southport",,53.651501,-3.000879,,,
Bistrot Verite,bars-nightlife,"7 Liverpool Road, Southport",,53.63427180000001,-3.0135821,,,
Heatons Bridge Inn,bars-nightlife,"2 Heatons Bridge Road, Scarisbrick, Ormskirk",,53.599628,-2.902195,,,
The Lakeside Inn,bars-nightlife,"Southport Water Sports, Marine Lake, Southport",,53.6536827,-3.0040204,,,
The Park,bars-nightlife,"36 Weld Road, Southport",,53.6342428,-3.015334,,,
The Mount Pleasant,bars-nightlife,"107 Manchester Road, Southport",,53.6501891,-2.988657,,,
Tenpin Southport,bars-nightlife,"Ocean Plaza, Marine Drive, Southport",,53.6524399,-3.0145145,,,
Riverside Holiday Park,bars-nightlife,"Southport New Road, Banks, Southport",,53.66751,-2.9033059,,,
Cheshire Lines Inn,bars-nightlife,"81 King Street, Southport",,53.64385069999999,-3.0102091,,,
Bold Arms,bars-nightlife,"59-61 Botanic Road, Southport",,53.6596813,-2.9627901,,,
Gusto Trattoria,bars-nightlife,"58-62 Lord Street, Southport",,53.6453617,-3.0097163,,,
Morris Dancers Beefeater,bars-nightlife,"Southport Road, Scarisbrick, Ormskirk",,53.610131,-2.934385,,,
The Hesketh Arms,bars-nightlife,"Botanic Road, Southport",,53.6598399,-2.9615915,,,
Kasturi Restaurant Southport,bars-nightlife,"40 Eastbank Street, Southport",,53.6451948,-3.004994,,,
The Saracens Head,bars-nightlife,"100 Summerwood Lane, Halsall, Ormskirk",,53.5815839,-2.9453615,,,
The Guest House,bars-nightlife,"14 Union Street, Southport",,53.65056180000001,-2.9994578,,,
The Crown,bars-nightlife,"304 Liverpool Road, Birkdale, Southport",,53.6175443,-3.0166265,,,
La Tabella,bars-nightlife,"48 Botanic Road, Southport",,53.6588612,-2.9640414,,,
The Annex,bars-nightlife,"241b Lord Street, Southport",,53.64820450000001,-3.0079239,,,
EVOQUE,bars-nightlife,"1-3 Waverley Street, Southport",,53.64747769999999,-3.008465,,,
Jungle nightclub,bars-nightlife,"38 West Street, Southport",,53.64770149999999,-3.0084887,,,
Banff,bars-nightlife,"32 West Street, Southport",,53.64745500000001,-3.0087569,,,
Skies Lounge,bars-nightlife,"459 Lord Street, Southport",,53.6498184,-3.003294899999999,,,
Chatsworth Lounge,bars-nightlife,"Promenade, Southport",,53.6472346,-3.010547899999999,,,
Corridor Bar & Eatery,bars-nightlife,"573 Lord Street, Southport",,53.6509991,-3.0012634,,,
grosvenor jazz,bars-nightlife,"Birkdale URC, Grosvenor Road, Southport",,53.6301249,-3.0210731,,,
Vanilla Nova Cake Boutique,cafes,"7a, Westminster Chambers, L'Appartement du Gâteau, 106 Lord Street, Southport",,53.64676410000001,-3.0070669,,,
Greggs,cafes,"Southport Old Road, Formby, Liverpool",,53.5687551,-3.0483235,,,
Sainsbury's,cafes,"Saint George's Place, Lord Street, Southport",,53.6492304,-3.0023277,,,
Cake Creations Southport,cafes,"16 Wesley Street, Southport",,53.64541500000001,-3.00393,,,
Waterfields,cafes,"33 London Street, Southport",,53.6479643,-3.002990800000001,,,
Poundbakery,cafes,"Marble Place Shopping Centre, 17 Chapel Street, Southport",,53.6464879,-3.0051749,,,
The Cake Box Southport,cafes,"22 Market Street, Southport",,53.6457148,-3.0068158,,,
University of Chester,cafes,Southport,,53.645708,-3.010113,,,
Clare’s Cakes Southport,cafes,"51 Virginia Street, Southport",,53.6430957,-2.9964129,,,
Believe Bakes,cafes,"76 Grange Road, Southport",,53.650835,-2.980435,,,
Sweetie Goodies,cafes,"139 Bispham Road, Southport",,53.6480954,-2.9696066,,,
The Farmhouse Kitchen,cafes,"82a Old Park Lane, Churchtown, Southport",,53.6501212,-2.9675403,,,
Jessica Bakes-Well,cafes,"82A High Park Road, Southport",,53.6503984,-2.9654563,,,
For Goodness Cake,cafes,"126 High Park Road, Southport",,53.648982,-2.9651687,,,
Sainsbury's,cafes,"Meols Cop Centre, Southport",,53.6367,-2.9692,,,
Cakesofdesire,cafes,"133 Marshside Road, Southport",,53.6688099,-2.9723587,,,
Cake Corner,cafes,"5, Crown Buildings, Liverpool Road, Southport",,53.6172722,-3.0160002,,,
Dougheee,cafes,"32 Salwick Close, Southport",,53.6723511,-2.9733751,,,
The Lemon Tree Bakery,cafes,"30 Eamont Avenue, Southport",,53.675186,-2.955052,,,
Baked by Aims,cafes,"6 The Causeway, Southport",,53.6735839,-2.9503178,,,
All about the Rolls,cafes,"44 The Pastures, Southport",,53.6750076,-2.946413,,,
Lisa's Delicious Treats,cafes,"Rimmer Green, Scarisbrick, Southport",,53.6196841,-2.9398559,,,
Cakes 4 You,cafes,"Ainsdale, Southport",,53.59997329999999,-3.0369899,,,
Cookies On The Farm,cafes,"Tabby Nook, Preston",,53.6596497,-2.8838957,,,
Andy&Sarahs,cafes,"M4M6+RG, Boundary Lane, Preston",,53.68456250000001,-2.888687500000001,,,
Sea Palace,restaurants,"127 Rufford Road, Southport",,53.6713833,-2.9485793,,,
Busy Bee,restaurants,"567 Liverpool Road, Southport",,53.60269,-3.034317,,,
Blenderz Ormskirk,restaurants,"71 Martin Lane, Burscough, Ormskirk",,53.60960840000001,-2.8875112,,,
South Garden,restaurants,"17 Forest Road, Southport",,53.6428759,-2.9906649,,,
Hamletts Sandwich Bar,restaurants,"8 Union Street, Southport",,53.6507318,-2.999676399999999,,,
Namaste Southport,restaurants,"14 Bath Street, Southport",,53.6502022,-3.0047105,,,
Lings On Kings,restaurants,"52 King Street, Southport",,53.64555559999999,-3.0083333,,,
Domino's Pizza - Southport,restaurants,"2-18 Virginia Street, Southport",,53.6429436,-3.000614,,,
Fylde Fish Bar Marshside,restaurants,"117 Fylde Road, Southport",,53.67185999999999,-2.9640542,,,
Sicily Pizza,restaurants,"135 Bispham Road, Southport",,53.64795170000001,-2.9702029,,,
Pizza Hut Restaurants Southport Ocean Plaza,restaurants,"Marine Drive, Ocean Plaza, Leisure Park, Southport",,53.6526626,-3.0117612,,,
The Swan Restaurant and Take Away,restaurants,"52-54 Stanley Street, Southport",,53.6512897,-3.001568799999999,,,
High Park Fish & Chips,restaurants,"122 Bispham Road, Southport",,53.647527,-2.970538,,,
The Dolphin,restaurants,"30-34 Scarisbrick Avenue, Southport",,53.6482191,-3.0088598,,,
KFC Southport - Eastbank Street,restaurants,"12-14 Eastbank Street, Southport",,53.6460641,-3.0059827,,,
Harun’s Pizza & Grill - Southport,restaurants,"2c Coronation Walk, Southport",,53.6460532,-3.0103654,,,
Spice of bengal,restaurants,"12 Station Road, Ainsdale, Southport",,53.6026549,-3.0356007,,,
Rainbow 2000,restaurants,"49 Liverpool Road, Southport",,53.6329278,-3.0121922,,,
Sahara Takeaway,restaurants,"74 Manchester Road, Southport",,53.6494288,-2.9916971,,,
Silcock's Pier Family Restaurant,restaurants,"Pier Forecourt Promenade, Southport",,53.65037160000001,-3.0081514,,,
Indian Kitchen,restaurants,"108 Bispham Road, Southport",,53.6473957,-2.9711713,,,
SFC (Neville Street) Southport Food Centre,restaurants,"15 Nevill Street, Southport",,53.6491888,-3.0054754,,,
Peperoni Pizza Bar Take Away,restaurants,"5A Hoghton Place, Southport",,53.64798189999999,-3.002510099999999,,,
Harpers Fish & Chips,restaurants,"29 Eastbank Street, Southport",,53.64592700000001,-3.005325,,,
LANDOS BBQ,restaurants,"31 Eastbank Street, Southport",,53.64590270000001,-3.0051795,,,
The Shake Factory (Southport),restaurants,"5b Hoghton Street, Southport",,53.64800299999999,-3.002435999999999,,,
Concept Food Bar,restaurants,"11 Scarisbrick Avenue, Southport",,53.6475672,-3.0080418,,,
Grill House Shawarma,restaurants,"51 London Street, Southport",,53.64739960000001,-3.0021437,,,
Spoilt For Choice,restaurants,"57 London Street, Southport",,53.6473621,-3.0018999,,,
Dirty American,restaurants,"1 Bath Street, Southport",,53.65005379999999,-3.0060287,,,
Hey Burger Southport,restaurants,"Hey Burger, 71 Eastbank Street, Southport",,53.64499379999999,-3.0042434,,,
Urban Flavours,restaurants,"52 Eastbank Street, Southport",,53.6447555,-3.0043582,,,
Korean Kitchen,restaurants,"509-511 Lord Street, Southport",,53.65027969999999,-3.002506299999999,,,
Scoozi Southport,restaurants,"68 Tulketh Street, Southport",,53.6448964,-3.0021839,,,
New Spring Deer,restaurants,"70 Tulketh Street, Southport",,53.6448612,-3.0021508,,,
Curry Hut,restaurants,"72A Tulketh Street, Southport",,53.6447875,-3.0019935,,,
Cleopatra Grill Southport Pizza-Shawarma-Kebab,restaurants,"5-7 West Street, Southport",,53.6465422,-3.0106499,,,
Foodelicioud,restaurants,"4B Bold Street, Southport",,53.6506702,-3.0026227,,,
Nando's Southport,restaurants,"Unit 7, Ocean Plaza, Marine Parade, Southport",,53.651495,-3.015337999999999,,,
Marmaris,restaurants,"167 Eastbank Street, Southport",,53.6424913,-3.0013356,,,
Fellini Pizza,restaurants,"19 Forest Road, Southport",,53.6428391,-2.9905301,,,
Sgt Peppers Pizzeria,restaurants,"82 Eastbourne Road, Southport",,53.63175709999999,-3.006981,,,
The Chef&Food South Indian Takeaway,restaurants,"3 Kew Road, Southport",,53.63075039999999,-3.0081444,,,
Domino's Pizza - Southport - Churchtown,restaurants,"142b Cambridge Road, Southport",,53.6614225,-2.9663237,,,
Ainsdale Pasta & Pizzeria,restaurants,"201 Heathfield Road, Southport",,53.6055742,-3.0255189,,,
Bravo's Pizzeria,restaurants,"33 Hoole Lane, Banks, Southport",,53.6798022,-2.9239098,,,
Southport,restaurants,Southport,,53.645708,-3.010113,,,
Bay Tree House Bed & Breakfast,restaurants,"Bed & Breakfast, Bay Tree House, 1 Irving Street, Southport",,53.6545365,-3.0012592,,,
Albert & Victoria Hotel,restaurants,"38 Promenade, Southport",,53.64947280000001,-3.0076494,,,
Vale House Bed and Breakfast,restaurants,"16 Talbot Street, Southport",,53.6444182,-3.0061257,,,
Balmoral Lodge,restaurants,"41 Queens Road, Southport",,53.65257930000001,-2.9936171,,,
The Norwood Guest House,restaurants,"62 Bath Street, Southport",,53.6515948,-3.0021969,,,
Checkers Discount D I Y Ltd,restaurants,"35-39 Botanic Road, Southport",,53.6590281,-2.964244899999999,,,
Southport College,restaurants,"Mornington Road, Southport",,53.6483612,-2.9977204,,,
Dunelm,restaurants,"1, Ocean Plaza Retail Park, Marine Drive, Southport",,53.6534118,-3.0110281,,,
Enterprise Car & Van Hire - Southport,restaurants,"170 Norwood Road, Southport",,53.64026010000001,-2.9738344,,,
Kwik Fit - Southport - Eastbank Street,restaurants,"70 Eastbank Street, Southport",,53.643717,-3.0032632,,,
The Warwick Southport,restaurants,"39 Bath Street, Southport",,53.65086300000001,-3.004449,,,
Clarks,restaurants,"48 Chapel Street, Southport",,53.64717820000001,-3.0036118,,,
Harvest Moon Interiors,restaurants,"6 Portland Street, Southport",,53.6451432,-3.0092957,,,
TGJones,restaurants,"22-24 Chapel Street, Southport",,53.6465349,-3.0047035,,,
The Copplehouse,restaurants,"16 Bath Street, Southport",,53.65025929999999,-3.0045327,,,
Birkdale Station Car Park,restaurants,"1 Liverpool Road, Birkdale, Southport",,53.63346809999999,-3.0147362,,,
B&M Store,restaurants,"91 Lord Street, Merseyside",,53.645905,-3.0112095,,,
William Hill,restaurants,"133 Manchester Road, Southport",,53.6503716,-2.9872286,,,
Ladbrokes,restaurants,"45-47 London Street, Southport",,53.6472626,-3.0014841,,,
Churchtown Deli,restaurants,"82 Botanic Road, Southport",,53.6594332,-2.962795,,,
Calculus Legal Costs Holdings,restaurants,"Norwood Business Centre, 34a Hart Street, Southport",,53.6428589,-2.9849761,,,
Kwik Fit - Southport - Ash Street,restaurants,"8 Ash Street, Southport",,53.6395219,-2.9939982,,,
Ludlow,restaurants,"172 Lord Street, Southport",,53.6507946,-3.0001843,,,
OLD Park House,restaurants,"96 Old Park Lane, Southport",,53.6490121,-2.9675818,,,
Yorkshire Building Society,restaurants,"15/17 London Street, Southport",,53.6483165,-3.0034343,,,
Hillside Golf Club,restaurants,"Hastings Road, Southport",,53.61992709999999,-3.027490299999999,,,
Skipton Building Society - Southport,restaurants,"First Floor, 18 London Street, Southport",,53.6479921,-3.0036249,,,
S E S Ltd,restaurants,"82 Waterloo Road, Southport",,53.6209819,-3.0236542,,,
Crown Inn,restaurants,"The Crown, 18-20 Coronation Walk, Southport",,53.6465767,-3.0110081,,,
Birchall Blackburn Law,restaurants,"2nd Floor, Clare House, 166 Lord Street, Southport",,53.65059770000001,-3.0003816,,,
Russell Road Methodist Church,restaurants,"134 High Park Road, Southport",,53.6481836,-2.9649873,,,
Birch Contracting Services Ltd,restaurants,"23 Carr Lane, Southport",,53.6123535,-3.0181331,,,
Adventure Coast Southport,restaurants,"Marine Drive, Southport",,53.64767939999999,-3.0174502,,,
Balmoral Wealth Management Ltd,restaurants,"139-141 Cambridge Road, Southport",,53.6614058,-2.9655618,,,
Richmond Hill,restaurants,"Southport New Road, Mere Brow, Preston",,53.6646899,-2.8949518,,,
Home Instead Southport & Formby | Home Care & Live-in Care,restaurants,"63 Scarisbrick New Road, Southport",,53.6386157,-2.9878817,,,
O2 Store,restaurants,"58 Chapel Street, Southport",,53.647513,-3.003241,,,
Sunnyside Bed and Breakfast,restaurants,"47 Bath Street, Southport",,53.6511113,-3.0039377,,,
Argos Southport Meols Cop,restaurants,"Unit 2B, Meols cop retail park, Meols Cop Road, Southport",,53.63673319999999,-2.9686297,,,
Howard's Funeral Directors,restaurants,"1-5 Roe Lane, Southport",,53.6509017,-2.9856886,,,
Halfords - Southport,restaurants,"1 Meols Cop Road, Southport",,53.6349902,-2.968925,,,
The Old Watch Shop,restaurants,"1 Market Street, Southport",,53.64613629999999,-3.0076503,,,
Mersey & West Lancashire Teaching Hospitals NHS Trust,restaurants,"Southport and Formby District General Hospital Town Lane, Kew, Southport",,53.6333043,-2.9792197,,,
Mackays,restaurants,"89 Church Road, Southport",,53.6819916,-2.9184482,,,
B&Q Southport,restaurants,"217 Meols Cop Road, Southport",,53.6330543,-2.9686771,,,
Southport Flower Show,restaurants,"Victoria Park Rotten Row, Southport",,53.64552800000001,-3.02066,,,
Promenade Apartments Southport,hotels,"63, 72, 78, 79 Promenade, Southport",,53.6575608,-3.0001609,,,
Willowbank Holiday Home & Touring Park,hotels,"Coastal Road, Ainsdale, Southport",,53.5883779,-3.0446328,,,
Molly's Cottage,hotels,"25 The Walk, Southport",,53.63643980000001,-3.0111644,,,
Miway,hotels,"20 Seabank Road, Southport",,53.6524991,-3.0029196,,,
Norland Hotel,hotels,"11 Bath Street, Southport",,53.6501951,-3.00567,,,
The Bayona Guest House,hotels,"Hoglwyn Close Bryn-Baal, 71 Bath Street, Southport",,53.65181889999999,-3.0027522,,,
The Leicester,hotels,"24 Leicester Street, Southport",,53.6535808,-3.001119699999999,,,
Westwood,hotels,"99 King Street, Southport",,53.6434244,-3.0107478,,,
the gables hotel southport,hotels,"110 Leyland Road, Southport",,53.65758140000001,-2.9968808,,,
D I S C,hotels,"5 Royal Terrace, Southport",,53.64672209999999,-3.010543699999999,,,
Travelodge Southport,hotels,"Garrick Parade, Southport",,53.6449092,-3.0122315,,,
Southport Coach House,hotels,"37 Chambres Road, Southport",,53.63961,-2.9906912,,,
Southport Caravan and Motorhome Club Campsite,hotels,"The Esplanade, Southport",,53.641089,-3.024605299999999,,,
Century House Campsite,hotels,"100 Turning Lane, Scarisbrick, Southport",,53.6202457,-2.9642359,,,
Scarisbrick Guide Campsite,hotels,"Southport Road, Scarisbrick, Ormskirk",,53.60454169999999,-2.9267276,,,
Moor Lane Leisure Park,hotels,"101 Moor Lane, Woodvale, Southport",,53.5859083,-3.0340043,,,
Cresta Hotel,hotels,"83 Manchester Road, Southport",,53.64972809999999,-2.9917795,,,
Richmond House Guest House,hotels,"28 Bold Street, Southport",,53.6516393,-3.004206699999999,,,
Tristrams Farm Holiday Cottages,hotels,"Tristrams Farm, Narrow Lane, Halsall, Ormskirk",,53.5753418,-2.9413389,,,
Barford House Holiday Apartments - Accommodation Southport,hotels,"32 Avondale Road, Southport",,53.655412,-2.999009,,,
Hurlston Hall Caravan Park,hotels,"Hurlston Lane, Scarisbrick, Ormskirk",,53.5889511,-2.903787099999999,,,
The Ambassador Townhouse,hotels,"13 Bath Street, Southport",,53.6502439,-3.0055812,,,
Seaview Guest House,hotels,"28 Bath Street, Southport",,53.6505136,-3.0041438,,,
Birkdale Guesthouse,hotels,"87 Liverpool Road, Southport",,53.6294881,-3.0113092,,,
Shaw Hall Holiday Park,hotels,"155 Smithy Lane, Scarisbrick, Ormskirk",,53.5984993,-2.911780599999999,,,
The Stamford Southport,hotels,"17 Bath Street, Southport",,53.65031339999999,-3.0054409,,,
Adelphi Guest House Southport,hotels,"39 Bold Street, Southport",,53.6516275,-3.0046458,,,
Seapark Apartments,hotels,"34 Princes Street, Southport",,53.6449314,-3.006960499999999,,,
Summerwood House (annex),hotels,"Smithy Lane, Ormskirk",,53.57122390000001,-2.9630752,,,
Waterford Hotel,hotels,"37 Leicester Street, Southport",,53.65459120000001,-3.0017807,,,
Landsdowne Camping,hotels,"Landsdowne, Shore Road, Hesketh Bank",,53.6992202,-2.8837699,,,
Brooklyn Holiday Park,hotels,"Gravel Ln, Banks, North Meols, Wider, Southport",,53.66907440000001,-2.9198678,,,
Bowden Lodge Guest House Southport,hotels,"18 Albert Road, Southport",,53.65365689999999,-2.995322,,,
Andora Guest House,hotels,"25 Bath Street, Southport",,53.65044529999999,-3.005150500000001,,,
The Shelbourne Apartments,hotels,"1 Lord Street West, Southport",,53.6442694,-3.013277199999999,,,
The New Talbot Hotel,hotels,"23-25 Portland Street, Southport",,53.64398809999999,-3.006788,,,
"Leisure Lakes Caravan, Camping and Outdoor Pursuits Centre",hotels,"Mere Brow, Preston",,53.65546789999999,-2.895428799999999,,,
Jacksmere Camping,hotels,"Jacksmere Lane, Scarisbrick, Southport",,53.61672089999999,-2.9585771,,,
The Farm Campsite,hotels,"71 Martin Lane, Burscough, Ormskirk",,53.6091466,-2.8889483,,,
Martin Lane Farm Camp Site,hotels,"5 Martin Lane, Ormskirk",,53.6022767,-2.8819816,,,
Pleasureland Motorhome Parking,hotels,"Marine Drive, Southport",,53.6475178,-3.0190928,,,
Alderlee Park,hotels,"Turning Lane, Scarisbrick, Southport",,53.6238061,-2.9635976,,,
Willowbank caravan park,hotels,"Coastal Road, Ainsdale, Southport",,53.5886197,-3.0444434,,,
Harrison Leisure,hotels,"Unit 3B, Edward 7th, Quay, Preston",,53.66765179999999,-2.9023449,,,
Southport Pier,attractions,"Promenade, Southport",,53.6554431,-3.02136,,,
WWT Martin Mere,attractions,"Fish Lane, Burscough",,53.62261960000001,-2.8651521,,,
St Cuthbert's Church,attractions,"Saint Cuthberts Road, Southport",,53.6603031,-2.962118,,,
Ainsdale Discovery Centre,attractions,Southport,,53.6058399,-3.0630602,,,
Hesketh Park,attractions,"17 Park Crescent, Brentwood Court, Southport",,53.6565667,-2.9870319,,,
RSPB Marshside,attractions,"Marine Drive, Southport",,53.6766894,-2.9820907,,,
Splash World,attractions,"Esplanade, Southport",,53.6468103,-3.0171617,,,
Southport Model Railway Village,attractions,"King's Gardens, Promenade, Southport",,53.6487726,-3.0106743,,,
Botanic Gardens,attractions,"40 Bankfield Lane, Southport",,53.66162199999999,-2.9596818,,,
Windmill Animal Farm,attractions,"Fish Lane, Burscough, Ormskirk",,53.6337781,-2.8669098,,,
Red Rum Mural,attractions,"Scarisbrick Avenue, Southport",,53.6481073,-3.0090328,,,
The Carousel,attractions,"Pier Forecourt, Promenade, Southport",,53.65023739999999,-3.0079016,,,
Hall of Mirrors,attractions,"Silcock's Funland, Pier Forecourt, Promenade, Southport",,53.6506159,-3.0077715,,,
Marine Lake Boat Ticket Office,attractions,"MX2R+68, Southport",,53.6505073,-3.0092189,,,
Boat trips,attractions,"MX2R+68, Southport",,53.65077950000001,-3.008986600000001,,,
Southport Whisky Trail,attractions,"14 Union Street, Southport",,53.6505682,-2.9994923,,,
Lakeside Miniature Railway,attractions,"Esplanade, Southport",,53.6481832,-3.0153454,,,
Princes Park,attractions,"50 Marine Drive, Southport",,53.6500421,-3.0149281,,,
"Victoria Park, Southport",attractions,"victoria park, The Esplanade, Southport",,53.6436506,-3.0191511,,,
Town Lane Forestry Commission England,attractions,Southport,,53.6279889,-2.9910225,,,
Kew Roundabout,attractions,"Town Lane Kew, Southport",,53.6331883,-2.9701281,,,
Cherry Blossom,attractions,"Preston New Road, Southport",,53.671713,-2.9558634,,,
"Ainsdale Beach, Southport",attractions,"Ainsdale, Southport",,53.6080105,-3.064294799999999,,,
Ribble Estuary,attractions,Southport,,53.711175,-2.9641772,,,
Ainsdale Totem Pole,attractions,"HWPQ+8V, Liverpool",,53.5858728,-3.0602911,,,
Ainsdale Beach,attractions,,,53.5900195,-3.0814565,,,
Greater Flamingos,attractions,Burscough,,53.62191139999999,-2.8659466,,,
Martin Mere Otters,attractions,Burscough,,53.622352,-2.8635704,,,
WWT Martin Mere Canoe Safari and Boat Tour,attractions,"J4CQ+6C, Ormskirk",,53.6205625,-2.8614375,,,
Stannah Bank,attractions,"Fairhaven, Lytham Saint Annes",,53.7371589,-2.9994899,,,
Lytham Jetty,attractions,"P2MQ+7V, Lytham St Annes",,53.7332098,-2.9602955,,,
British Lawnmower Museum,attractions,"106-114 Shakespeare Street, Southport",,53.6390403,-3.0055321,,,
Alex Calveley,attractions,"The New Vicarage, 2 St Peters Road, Southport",,53.6315344,-3.0102323,,,
Southport Contemporary Arts,attractions,"65 Eastbank Street, Southport",,53.6451927,-3.004355399999999,,,
Grant Searl The Northerner Gallery,attractions,"Wayfarers Arcade, Southport",,53.6486198,-3.0064686,,,
DAVID BOOTH MRSS CONTEMPORARY GALLERY,attractions,"DAVID BOOTH MRSS CONTEMPORARY GALLERY, Wayfarers Arcade, 74 Lord Street, Southport",,53.6486656,-3.00691,,,
Gallery More Studio & Shop,attractions,"32, Wayfarers Arcade, Southport",,53.6487693,-3.006802699999999,,,
Gallery Artist John Charles,attractions,"22 Union Street, Southport",,53.6504517,-2.9992641,,,
Victoria Hanshaw,attractions,"2 Bedford Road, Merseyside",,53.6266962,-3.0039698,,,
Unite Inflatable Zone,attractions,"Unit 3, 76 Tulketh Street, Southport",,53.6446329,-3.0018607,,,
Big Wheel Southport,attractions,"Esplanade, Southport",,53.6487686,-3.015163,,,
Viking Golf,attractions,"Esplanade, Southport",,53.6475476,-3.0161018,,,
Marine Lake,attractions,"Marine Lake, Southport",,53.6542512,-3.0058618,,,
Vue Cinema Southport,attractions,"Ocean Plaza, Southport",,53.65175600000001,-3.014845999999999,,,
Southport Bijou Cinema,attractions,"8 Post Office Avenue, Southport",,53.6487776,-3.0029394,,,
The Moonlight Drive In,attractions,"victoria park, Southport",,53.6432831,-3.0193068,,,
Silcock's Amusements Nevill Street,attractions,"36-40 Nevill Street, Southport",,53.6496627,-3.0056388,,,
Betfred,attractions,"14, 16 London Street, Southport",,53.6480778,-3.0036952,,,
Betfred,attractions,"37/39 Upper Aughton Road, Southport",,53.63660309999999,-3.0087381,,,
Betfred,attractions,"Unit 19, Marble Place Shopping Centre, Eastbank Street, Southport",,53.6460504,-3.0054769,,,
Betfred,attractions,"Unit 1, 174 Cambridge Road, Southport",,53.6609468,-2.9661504,,,
MERKUR Slots - Southport,attractions,"22 London Street, Southport",,53.6478397,-3.003508,,,
Southport FC stadium,activities,"Haig Avenue, Southport",,53.63856219999999,-2.979161,,,
Dean Wilson - Travel Counsellors,activities,"40 Alma Road, Southport",,53.6350543,-3.0121508,,,
The British Destinations,activities,"Town Hall, Lord Street, Southport",,53.64527299999999,-3.0095993,,,
Heritage Centre,activities,Southport,,53.6502022,-3.0131299,,,
THE ROGUE HISTORIANS,activities,"8 Botanic Road, Southport",,53.65784009999999,-2.9652318,,,
Southport Golf Tours,activities,"27 Saint John's Road, Birkdale, Southport",,53.6222825,-3.0145842,,,
Neil's Liverpool Tours,activities,"1B Summerwood Lane, Halsall, Ormskirk",,53.5847646,-2.9496878,,,
Tarleton Carriages,activities,"94 The Gravel, Mere Brow, Preston",,53.661853,-2.8826487,,,
TUI Holiday Store,activities,"66 Chapel Street, Southport",,53.64746470000001,-3.002857,,,
Many Happy Returns Travel,activities,"646 Liverpool Road, Southport",,53.6032928,-3.0338618,,,
M D Travel,activities,"Unit 2, Slaidburn Ind Est, Slaidburn Crescent, Southport",,53.6734303,-2.9620492,,,
Hays Travel Southport,activities,"57 Chapel Street, Southport",,53.6477326,-3.0030846,,,
Tourist information hub,activities,"Model Railway Village, King's Gardens, Promenade, Southport",,53.648289,-3.0117903,,,
Southport Belle,activities,"Marine Lake, Southport",,53.6538623,-3.004101599999999,,,
Marc,activities,"Birkdale Business Centre, 11 Weld Parade, Weld Road, Birkdale, Southport",,53.634698,-3.014950899999999,,,
Iffits Barn Equestrian,activities,"48 Westcliffe Road, Southport",,53.6373607,-3.0243825,,,
Things to do in Southport,activities,"18 Hazel Grove, Southport",,53.64611,-2.97691,,,
Designer Travel by Lynne Burnley,activities,"Byrom Street, Southport",,53.6458539,-2.972181,,,
Designer Travel By Suzanne Norris,activities,"147 Norwood Road, Southport",,53.6394847,-2.9727981,,,
Ukgolftours.com,activities,"3 Welwyn Avenue, Southport",,53.60710770000001,-3.028304,,,
T V Travel Southport,activities,"48 Water Lane, Southport",,53.6751233,-2.9439663,,,
Tenerife Sun Vacations,activities,"16 Station Road, Ainsdale, Southport",,53.6026808,-3.0357233,,,
Broadbent Travel Worldchoice,activities,"16 Station Road, Ainsdale, Southport",,53.6026604,-3.035722899999999,,,
Finsters Retreat,activities,"774 Liverpool Road, Southport",,53.5949808,-3.0388371,,,
Connections Travel,activities,"29 Westerdale Drive, Southport",,53.67428759999999,-2.912928999999999,,,
Horse Drawn Carriages North West Ltd,activities,Preston,,53.6618392,-2.884303699999999,,,
White Swan Lancashire,activities,"The Ship Inn, 6 Rosemary Lane, Haskayne, Ormskirk",,53.5660613,-2.961098499999999,,,
Waverly Park,beaches-parks,"24 Beach Priory Gardens, Southport",,53.6441351,-3.015214,,,
Natural England,beaches-parks,"2 West End Lodge/Pinfold La, Southport",,53.6471348,-3.0092116,,,
New Leaf,beaches-parks,"Park Lodge, Rotten Row, Southport",,53.6415138,-3.0219245,,,
Rosemary Wood Fisheries,beaches-parks,"Riding Lane, Ormskirk",,53.56603759999999,-2.9852835,,,
Lord street gardens,beaches-parks,"140 Saint George's Place, Southport",,53.6493578,-3.0032898,,,
Tree Top Towers,beaches-parks,"Lower Promenade, Southport",,53.6491102,-3.0098861,,,
The Fountain Garden,beaches-parks,"10-16 Coronation Walk, Southport",,53.6468731,-3.0110894,,,
King's Gardens,beaches-parks,"Lower Promenade, Southport",,53.6483717,-3.0112595,,,
St Paul's Square,beaches-parks,"2A Saint Paul's Square, Southport",,53.6428192,-3.011396999999999,,,
South Island,beaches-parks,Southport,,53.6540444,-3.0077467,,,
Victoria Park Duck Lake,beaches-parks,"6 Victoria Way, Southport",,53.6459889,-3.0177061,,,
"North Island, Southport Marine Lake",beaches-parks,"64 Promenade, Southport",,53.6563552,-3.004856,,,
The Queen's Jubilee Nature Trail,beaches-parks,Southport,,53.6421278,-3.0259596,,,
Children's Playground,beaches-parks,"B5280, Southport",,53.6560138,-2.9857795,,,
Portland Street Playing Fields,beaches-parks,"Portland Street, Southport",,53.63364039999999,-2.990428699999999,,,
The Velvet Trail,beaches-parks,Southport,,53.6397381,-3.0296525,,,
Compton Road Park,beaches-parks,"6 Compton Road, Southport",,53.63091,-3.002138,,,
Kew Woods Forestry Commission,beaches-parks,Southport,,53.6308547,-2.9929858,,,
Ainsdale and Birkdale Sandhills Nature Reserve,beaches-parks,Southport,,53.63576690000001,-3.035076399999999,,,
Children's Playground,beaches-parks,"Scarisbrick New Road, Southport",,53.6354249,-2.9756849,,,
Meols Park,beaches-parks,"Scarisbrick New Road, Southport",,53.6352209,-2.9727419,,,
The Stumpery Garden,beaches-parks,"14 Ardleigh Avenue, Southport",,53.62966119999999,-2.980872999999999,,,
Bedford Park And Garden,beaches-parks,"Kew Rd, Bedford Road, Lyndhurst Road, Southport",,53.6244095,-3.0058165,,,
Russell Road Recreation Ground,beaches-parks,"82 Russell Road, Southport",,53.6447455,-2.9624579,,,
Devonshire Road Playing Fields.,beaches-parks,"106 Warren Road, Southport",,53.6515323,-2.962295,,,
Stanley Park,beaches-parks,"Fleetwood Road, Southport",,53.6677394,-2.9779417,,,
Hillside,beaches-parks,"67 Waterloo Road, Southport",,53.6258169,-3.0289352,,,
North Meols Garden,beaches-parks,"Cambridge Road, Southport",,53.6600706,-2.9630665,,,
Botanic Gardens Community Association,beaches-parks,"Botanic Road, Churchtown, Southport",,53.6601274,-2.9599045,,,
Botanic Gardens Aviaries,beaches-parks,"Botanic Gardens, Southport",,53.66039689999999,-2.9593527,,,
Botanic Gardens Fernery,beaches-parks,"Heated Greenhouse, Botanic Road, Southport",,53.66116210000001,-2.9598314,,,
Junction Pool,beaches-parks,"RSPB Marshside, Marine Drive, Southport",,53.6754841,-2.9818181,,,
Waterloo Road Recreation Ground,beaches-parks,"Waterloo Road, Southport",,53.6179412,-3.0228673,,,
Public Dog Walking Place,beaches-parks,"88 Waterloo Road, Southport",,53.6173159,-3.0242511,,,
Park walk,beaches-parks,Southport,,53.66531670000001,-2.9589527,,,
Carr Lane Field,beaches-parks,Southport,,53.61315,-3.0162423,,,
Jacksmere Dog Walking Field,beaches-parks,"252 Jacksmere Lane, Southport",,53.6168241,-2.9624583,,,
Crossens Recreational Ground,beaches-parks,"Rufford Rd, Southport PR9, Rufford Road, Southport",,53.67225209999999,-2.950888599999999,,,
Ainsdale Village Park,beaches-parks,"Liverpool Road Ainsdale, 570 Liverpool Road, Ainsdale, Southport",,53.60637169999999,-3.030531399999999,,,
Laurel House Dog Walking Field,beaches-parks,"Dog Walking Field, Laurel House, 102 Ralph's Wife's Lane, Banks, Southport",,53.6812614,-2.9332242,,,
Bod’s Park,beaches-parks,"199 Sandbrook Road, Southport",,53.59433370000001,-3.0333199,,,
Sanderling Drive Pond,beaches-parks,"Greaves Hall Avenue, Banks, Southport",,53.674268,-2.9214788,,,
Skinnles Park,beaches-parks,"Brookdale, Southport",,53.5932733,-3.0354937,,,
Ainsdale Sand Dunes Nature Reserve,beaches-parks,"Shore Road, Ainsdale, Southport",,53.5950315,-3.063529699999999,,,
millennium woods,beaches-parks,"Drummersdale Lane, Scarisbrick, Ormskirk",,53.6209194,-2.9085124,,,
Ainsdale Pine Woods,beaches-parks,UK,,53.5922313,-3.0569422,,,
Weaver Bridge,beaches-parks,"6 Morris Lane, Halsall, Ormskirk",,53.5933777,-2.9380507,,,
Memorial Recreation Ground,beaches-parks,"Halsall, Ormskirk",,53.58778580000001,-2.9520763,,,
Banks Marsh NNR,beaches-parks,"P329+R3, Southport",,53.70200639999999,-2.9322921,,,
Doggie Divas,beaches-parks,"Marsh Road, Southport",,53.6900427,-2.9118266,,,
Bishop's Walk. Halsall wildlife & Nature Area,beaches-parks,"A5147, Halsall, Ormskirk",,53.5848464,-2.9536154,,,
Sports Direct,shopping,"Unit 1 and 2, 34-36 Tulketh Street, Southport",,53.6454172,-3.0027483,,,
Age UK,shopping,"531 Lord Street, Southport",,53.6505631,-3.0019491,,,
Next,shopping,"Unit 5, C12 - Central Twelve Shopping Park, 12 Derby Road, Southport",,53.6447104,-2.996122,,,
River Island,shopping,"Unit 1 57, 61 Chapel Street, Southport",,53.64758699999999,-3.0032742,,,
Birkdale Stained Glass,shopping,"Southport Road, Scarisbrick, Southport",,53.6208225,-2.9555668,,,
Rebecca's Jewellers,shopping,"319 Lord Street, Southport",,53.64837019999999,-3.0058409,,,
Connard & Son Ltd,shopping,"421 Lord Street, Southport",,53.64943,-3.003952,,,
JD Sports,shopping,"51/53 Chapel Street, Southport",,53.6474989,-3.0035041,,,
St Marks Pharmacy,shopping,"42 Derby Road, Southport",,53.6475473,-2.9957412,,,
New Look,shopping,"Unit 2, 41-49 Chapel Street, Southport",,53.6473526,-3.0038047,,,
ALDI,shopping,"Meol Cop Centre, New Foul Lane, Southport",,53.634327,-2.969149,,,
Group 1 Toyota Southport,shopping,"Town Lane, Southport",,53.6332302,-2.9720786,,,
Wrights Jewellers Southport,shopping,"575 Lord Street, Southport",,53.6509635,-3.001195899999999,,,
Bell Jewellers,shopping,"6 King Street, Southport",,53.6464972,-3.0067241,,,
Home Bargains,shopping,"Meols Cop Centre, Meols Cop Road, Southport",,53.6352582,-2.968989199999999,,,
Cash Converters,shopping,"34-36 Eastbank Street, Southport",,53.6453295,-3.0050442,,,
John Nolan The Antiques man,shopping,"8 Portland Street, Southport",,53.64509040000001,-3.0092075,,,
Smiths TV,shopping,"114 Manchester Road, Southport",,53.649944,-2.987969,,,
Crafts and Quilts,shopping,"118-120 Marshside Road, Southport",,53.6680961,-2.9709455,,,
Auto Services Mot & Tyre Centre,shopping,"29 Bedford Road, Southport",,53.62587509999999,-3.0057536,,,
Phillip Godfrey Designer Goldsmith,shopping,"6 Bold Street, Southport",,53.6506981,-3.0025842,,,
Mr Clutch Autocentres,shopping,"182A Portland Street, Southport",,53.6363652,-2.9964661,,,
Corkills Southport,shopping,"127, Fylde Road Industrial Estate, Industrial Estates, 132 Fylde Road, Southport",,53.672068,-2.962461299999999,,,
Chapelhouse Suzuki Southport,shopping,"603 Liverpool Road, Ainsdale, Southport",,53.5997247,-3.0331715,,,
Boots,shopping,"34 Shakespeare Street, Southport",,53.6407297,-3.0027331,,,
Grisedale Upholstery & Interiors,shopping,"9A Tithebarn Road, Southport",,53.6440809,-2.9869707,,,
Totally Dynamic,shopping,"22a unit1, Brighton Road, Southport",,53.62925449999999,-3.0074866,,,
One Stop Signs and Graphix,shopping,"26d Bridge Street, Southport",,53.64295869999999,-3.0019019,,,
Arcade Sports,shopping,"5A Hoghton Place, Southport",,53.6479618,-3.002506799999999,,,
Booker Southport,shopping,"Crowland Street, Blowick, Southport",,53.6411402,-2.9702672,,,
Tesco Esso Express,shopping,"5 Albert Road, Southport",,53.65283780000001,-2.9977778,,,
One Stop Southport Belmont,shopping,"30-32 Belmont Street, Southport",,53.6403907,-3.0113224,,,
"David Halsall, Sons & Daughter Removals Limited",shopping,"270 Liverpool Road, Southport",,53.6195982,-3.015676,,,
The Rug Company,shopping,"45-47 Eastbank Street, Southport",,53.645565,-3.0047104,,,
The Barber's Parlour & Fine Wines,shopping,"58 King Street, Southport",,53.6454063,-3.0083648,,,
Natural Touch Photography,shopping,"81 Lytham Road, Southport",,53.66945459999999,-2.967341299999999,,,
The Grooms Room Southport. Wedding Suit Hire,shopping,"The Mews, 15a Off Liverpool Road The Mews) car park via, 52 Alma Road, Birkdale, Southport",,53.63438360000001,-3.0130689,,,
The China Shop. theantiquesman,shopping,"10 Portland Street, Southport",,53.6449615,-3.0090684,,,
B H Autos,shopping,"29B Cemetery Road, Southport",,53.6377464,-2.995760499999999,,,
Blazes Fireplace Centres,shopping,"36 Liverpool Road, Southport",,53.63350879999999,-3.0129081,,,
Purple Paws Dog Grooming,shopping,"124 Fylde Road, Marshside, Southport",,53.671469,-2.9629643,,,
Farmfoods Ltd,shopping,"Regent Court, Lord Street, Southport",,53.6516773,-2.9987285,,,
Company Mobiles,shopping,"The Power Station, Victoria Way, Southport",,53.646362,-3.0185157,,,
Wayfarers Arcade,shopping,"311-317 Lord Street, Southport",,53.6483333,-3.0061111,,,
Ocean Plaza Leisure Park,shopping,"Marine Drive, Southport",,53.6523899,-3.0139936,,,
M Park Central 12,shopping,"Central Twelve, Derby Road, Southport",,53.6449558,-2.9964282,,,
The A World UK CIC,shopping,"2, Marble Place Shopping Centre, Southport",,53.6461886,-3.004334000000001,,,
Cambridge Walks,shopping,"1 Cambridge Walks, Southport",,53.6466901,-3.0063281,,,
Albany buildings,shopping,"357 Lord Street, Southport",,53.6487476,-3.005159,,,
Marble Place Shopping Centre,shopping,"Marble Place Shopping Centre, 17 Chapel Street, Southport",,53.6461886,-3.004334000000001,,,
Wayfarers Shopping Arcade,shopping,"56 West Street, Southport",,53.64889899999999,-3.0071004,,,
Market Street,shopping,"Market Street, Southport",,53.6460546,-3.0074138,,,
M Ocean Plaza,shopping,"M Park, Ocean Plaza, Marine Drive, Southport",,53.6532047,-3.0111335,,,
Equinemporime,shopping,"Liverpool Road, Birkdale, Southport",,53.6334769,-3.0128781,,,
Meols Cop Retail Centre,shopping,"Meols Cop Centre, Meols Cop Road, Southport",,53.63650339999999,-2.9700859,,,
"The Range, Southport",shopping,"Unit 7 & 8, Central 12 Retail Park, Unit 7 & 8 Central 12 Retail Park, Derby Road, Southport",,53.64466400000001,-2.994411,,,
Matalan,shopping,"Ocean Plaza, Marine Parade, Southport",,53.6523917,-3.0102657,,,
TK Maxx,shopping,"7-9, Marble Place Shopping Centre, Chapel Street, Southport",,53.6458198,-3.004967,,,
Primark,shopping,"1 Chapel Street, Southport",,53.6466253,-3.005420599999999,,,
Debenhams,shopping,"16 Stanley Street, Southport",,53.6508395,-3.002541899999999,,,
wilko Collection Point,shopping,"Unit 7 & 8, C12 - Central Twelve Shopping Park, Derby Road, Southport",,53.6445975,-2.9943143,,,
Argos Birkdale Liverpool Road Sainsburys Collection Point,shopping,"45 Liverpool Road, Birkdale, Southport",,53.6330525,-3.0121788,,,
Southport Meols Cop Argos (Inside Sainsbury's),shopping,"Meols Cop Centre, Southport",,53.6367,-2.9692,,,
Hotsellerbazar.shop,shopping,Southport,,53.645708,-3.010113,,,
Rohan Southport,shopping,"487 Lord Street, Southport",,53.6500656,-3.0029977,,,
Birkdale Boutique,shopping,"5 Weld Parade, Southport",,53.6347901,-3.0153345,,,
MUSE,shopping,"92-96 Lord Street, Southport",,53.64645100000001,-3.0076471,,,
Hotfrox Bridal & Prom,shopping,"119-121 Eastbank Street, Southport",,53.6439513,-3.0028093,,,
Lapel,shopping,"321 Lord Street, Southport",,53.6483799,-3.005824,,,
Chase Menswear,shopping,"3a Chapel Street, Southport",,53.6466997,-3.0052225,,,
Trespass Southport,shopping,"Merseyside, 30-32 Chapel Street, Southport",,53.6467661,-3.0041096,,,
Whittakers Schoolwear,shopping,"35-39 London Street, Southport",,53.6478844,-3.0028063,,,
Touch menswear,shopping,"Lord Street, Southport",,53.6474138,-3.0075158,,,
Formal Hire Southport,shopping,"Sophie & Anna Dressmakers, F1, 8-10 Hoghton Street, Southport",,53.647885,-3.002173999999999,,,
Flannels,shopping,"Unit 1 & 2, 34-36 Tulketh Street, Southport",,53.6456867,-3.0031448,,,
Camille Lingerie,shopping,"143-153 Lord Street, Southport",,53.64648460000001,-3.0094018,,,
Zips N Snips,shopping,"77 Eastbank Street, Southport",,53.6448775,-3.0040666,,,
Everlast Gyms,shopping,"Unit 1 & 2, 34-36 Tulketh Street, Southport",,53.6451741,-3.0025228,,,
CLOTHING4KIDS,shopping,"2-4 Portland Street, Southport",,53.6450755,-3.0093137,,,
Susan Hayward Vintage,shopping,"11 Hill Street, Southport",,53.649539,-3.000812,,,
Johnstone's Decorating Centre,shopping,"Unit 6 Virginia Street, Southport",,53.6430002,-3.0004125,,,
Dressed To Be Blessed,shopping,"50 Ash Street, Southport",,53.64278459999999,-2.9903496,,,
Luxury at No 39,shopping,"39 Liverpool Road, Southport",,53.63324949999999,-3.012364899999999,,,
PRINT'n'GIFT UK,shopping,"Appointment only, 12 Keats Terrace, Norwood Road, Southport",,53.64319820000001,-2.9744469,,,
Sparkles Boutique Southport,shopping,"143 Roe Lane, Southport",,53.65439610000001,-2.9659612,,,
The Bridal Studio Southport,shopping,"42 Botanic Road, Churchtown, Southport",,53.6586588,-2.964299,,,
Botanic Boutique & Beauty Clinc,shopping,"88-90 Botanic Road, Southport",,53.6595416,-2.9625232,,,
Peacocks Ainsdale,shopping,"Station Road Ainsdale, Station Road, Ainsdale, Southport",,53.60232509999999,-3.0359422,,,
Boots,shopping,"Unit 3 12, C12 - Central Twelve Shopping Park, Derby Road, Southport",,53.6449588,-2.9959285,,,
Boots,shopping,"31-39 Chapel Street, Southport",,53.647319,-3.0042318,,,
Avos Watersports Den,shopping,"The Gravel, Mere Brow, Preston",,53.6538119,-2.8915271,,,
Southport Fancy Dress,shopping,"141 Bispham Road, Southport",,53.648108,-2.969498999999999,,,
Bonmarché,shopping,"155-161 Lord Street, Southport",,53.6465417,-3.0091213,,,
Over The Moon Kids Boutique & Shoe Studio,shopping,"5-7 Union Street, Southport",,53.65055539999999,-2.9998022,,,
"British Red Cross Shop, Southport",shopping,"1 Ashley Road, Southport",,53.6476925,-2.9931096,,,
Baby Love,shopping,"21 Wesley Street, Southport",,53.6456264,-3.0037024,,,
Cancer Research UK,shopping,"565 Lord Street, Southport",,53.6508395,-3.0015322,,,
KC Workwear Sportswear,shopping,"unit 2, 231 Liverpool Road, Southport",,53.62008819999999,-3.0146876,,,
Susan Hayward,shopping,"16 Post Office Avenue, Southport",,53.648705,-3.0028045,,,
The Edinburgh Woollen Mill,shopping,"143 / 153 Lord Street, Southport",,53.6463921,-3.0093516,,,
"Sophie & Anna Maddocks Dressmakers, Bridal Designers, Clothing Repairs & Alterations",shopping,"42 Botanic Road, Churchtown, Southport",,53.65867799999999,-2.964262,,,
Mountain Warehouse Southport,shopping,"Unit 9, Central 12 Shopping Park, Derby Road, Southport",,53.64533229999999,-2.995855799999999,,,
The Dressing Room,shopping,"17 Summerwood Lane, Halsall, Ormskirk",,53.5847008,-2.9484524,,,
Bodycare,shopping,"30-32 Chapel Street, Southport",,53.6468977,-3.004283,,,
The Fragrance Shop,shopping,"40 Chapel Street, Southport",,53.6470579,-3.0039444,,,
Lily May,shopping,"34, Wayfarers Arcade, Lord Street, Southport",,53.6483333,-3.0061111,,,
Oxfam,shopping,"24 London Street, Southport",,53.64787369999999,-3.003324999999999,,,
LAKELAND Leather,shopping,"355-357 Lord Street, Southport",,53.64875929999999,-3.005176099999999,,,
GO Outdoors Express,shopping,"4/8 Tulketh Street, Southport",,53.6465217,-3.0040837,,,
Pep & Co,shopping,"North House, 8 Eastbank Street, Southport",,53.6466104,-3.0066353,,,
House Of Fashion Outlet Store,shopping,"31A London Street, Southport",,53.6479738,-3.0030133,,,
Pandora Southport,shopping,"3a Chapel Street, Southport",,53.64667559999999,-3.0052651,,,
Saratoga,shopping,"9 Wesley Street, Southport",,53.6454737,-3.0040425,,,
David Search Jewellers,shopping,"489 Lord Street, Southport",,53.6500607,-3.0028194,,,
Weldons Jewellery & Antiques,shopping,"567 Lord Street, Southport",,53.65087699999999,-3.001407,,,
Tranzform Body Piercing and Tattoos,shopping,"581 Lord Street, Southport",,53.6508485,-3.0017835,,,
Warren James Jewellers - Southport,shopping,"24 Chapel Street, Southport",,53.64661989999999,-3.004848099999999,,,
Cash Cow Southport,shopping,"36 King Street, Southport",,53.6456174,-3.008037400000001,,,
THE JEWELLERS BENCH,shopping,"24 Liverpool Road, Birkdale, Southport",,53.63378549999999,-3.013053900000001,,,
Lou Lou Moon,shopping,"10B Station Road, Ainsdale, Southport",,53.6026894,-3.0354244,,,
Jewellery Workshop,shopping,"10 Tulketh Street, Southport",,53.64644830000001,-3.0041086,,,
Body Mech,shopping,"19 Princes Street, Southport",,53.64515720000001,-3.005826,,,
The FAIR Trade Store,shopping,"8, 27a Banastre Road, Southport",,53.6378746,-3.0076577,,,
The Royal Arcade,shopping,"127-131 Lord Street, Southport",,53.64631499999999,-3.0098673,,,
We Love Diamonds,shopping,"10 Tulketh Street, Merseyside",,53.64644830000001,-3.0041086,,,
John Bell,shopping,"6A King Street, Southport",,53.6464934,-3.0067269,,,
Karen Pritchard Jewellers,shopping,"39 Tulketh Street, Southport",,53.6457261,-3.003679,,,
Diamonds Direct Wholesalers,shopping,"435 Lord Street, Southport",,53.64960740000001,-3.003646299999999,,,
A.T. Hirons Ltd,shopping,"11 Wesley Street, Southport",,53.64553129999999,-3.0036602,,,
Prestige Diamonds,shopping,"455 Lord Street, Southport",,53.6497622,-3.0035404,,,
Shaws Jewellery Workshop,shopping,"127 Lord Street, Southport",,53.64614079999999,-3.0097539,,,
SJ Beads,shopping,"Flat 9, 40 - 41 Promenade, Southport",,53.6508465,-3.0060777,,,
Coronation Jewels,shopping,"Coronation Buildings, 107 Lord Street, Southport",,53.64598179999999,-3.0102045,,,
Fallen Angelz Boutique,shopping,"114 Shakespeare Street, Southport",,53.63885430000001,-3.0058819,,,
Simon Ford Jewellery Workshop,shopping,"144A Cambridge Road, Southport",,53.6612607,-2.9661714,,,
We Love Collectables,shopping,"1 Slaidburn Crescent, Southport",,53.6731685,-2.9617969,,,
JayBee Jewellery,shopping,"41 Carr Moss Lane, Ormskirk",,53.5821084,-2.9596178,,,
Hotter Shoes Southport,shopping,"465 Lord Street, Southport",,53.6499148,-3.0031223,,,
G C Footwear,shopping,"187 Lord Street, Southport",,53.64687379999999,-3.0084745,,,
Pavers Shoes,shopping,"497-503 Lord Street, Southport",,53.6501536,-3.0026086,,,
Discount Footwear,shopping,"2 Garrick Parade, Southport",,53.64513019999999,-3.011776100000001,,,
Shoezone,shopping,"Unit 3, Ocean Plaza, Marine Parade, Southport",,53.6529767,-3.0107843,,,
S95’s,shopping,"88A Sussex Road, Southport",,53.6456542,-2.9888972,,,
F&F Clothing,shopping,"Town Lane Kew, Southport",,53.6315414,-2.9716727,,,
The Works,shopping,"393-397 Lord Street, Southport",,53.64917810000001,-3.0043865,,,
South Bank News,shopping,"151 Southbank Road, Southport",,53.6359198,-2.9892826,,,
Waterstones,shopping,"59 Chapel Street, Southport",,53.64757110000001,-3.0034455,,,
Wolfcomics,shopping,"99 Sussex Road, Southport",,53.6457135,-2.9877089,,,
Smithies,shopping,"3 Hoghton Street, Southport",,53.64792629999999,-3.0026251,,,
K. Foden News and Greetings Cards,shopping,"1 Preston New Road, Southport",,53.66248849999999,-2.9657708,,,
Publishers Book Clearance,shopping,"281-183 Lord Street, Southport",,53.6479846,-3.0065729,,,
Great Reads,shopping,"281 Lord Street, Southport",,53.6479702,-3.0065985,,,
Marble Newsagents & Vape Store,shopping,"Marble Place Shopping Centre, Chapel Street, Southport",,53.6464285,-3.0049492,,,
Parkinson Books,shopping,"361-363 Lord Street, Southport",,53.64883389999999,-3.0051736,,,
Lord Street News,shopping,"100 Lord Street, Southport",,53.6467287,-3.0071578,,,
Coronation News,shopping,"Coronation Buildings, 2B Coronation Walk, Southport",,53.6460185,-3.0102759,,,
COVER TO COVER,shopping,"252 Balmoral Drive, Southport",,53.6684941,-2.9527596,,,
Tom Hodge Florist,shopping,"1b Marshside Road, Southport",,53.6623262,-2.9665807,,,
Inspired Flowers,shopping,"39A Liverpool Road, Southport",,53.6332768,-3.0123759,,,
Sweeneys Florist,shopping,"109 Bispham Road, Southport",,53.64755400000001,-2.9722497,,,
June The Florist,shopping,"108 Lord Street, Southport",,53.64672819999999,-3.0069344,,,
Aaron Mark Floral Design,shopping,"11 Cambridge Arcade, Southport",,53.64748299999999,-3.0057137,,,
The Plant Room,shopping,"18 Market Street, Southport",,53.6458033,-3.0070443,,,
AR Florist,shopping,"116 Manchester Road, Southport",,53.64996790000001,-2.987849700000001,,,
David Beckham-Doyle Weddings and Events -Florist And Event Decor,shopping,"Wedding Centre, The Mews, 15A Liverpool Road, Southport",,53.63469689999999,-3.0130854,,,
Blooms by Julie,shopping,"37 Aintree Crescent, Southport",,53.6323844,-2.974515299999999,,,
Floral Botanicals,shopping,"124 High Park Road, Southport",,53.649024,-2.9651494,,,
the garden room,shopping,"29 Botanic Road, Southport",,53.65846269999999,-2.9650601,,,
Flower store,shopping,"24 Barford Close, Ainsdale, Southport",,53.60524649999999,-3.0545915,,,
A Floral Affair,shopping,"64, Southport",,53.5896172,-3.036548499999999,,,
the bloom room,shopping,"45 Piercefield Road, Formby, Liverpool",,53.5646567,-3.059025000000001,,,
The Shop Next Door,shopping,"43 Piercefield Road, Liverpool",,53.5646442,-3.059101799999999,,,
"Homesure Bathrooms,Kitchens, Plumbing & Electrics",shopping,"148 Sefton Street, Southport",,53.63660119999999,-3.004091400000001,,,
Domestic Appliance Centre,shopping,"61 Eastbank Street, Southport",,53.64517799999999,-3.004467099999999,,,
GQ Get Quartz,shopping,"Unit 11, George Business Park, Cemetery Road, Southport",,53.6357562,-2.9999824,,,
Carpet Shop,shopping,"92 Shakespeare Street, Southport",,53.6393472,-3.0050177,,,
H&J Bathrooms,shopping,"21 Kingsway, Southport",,53.645841,-3.0122797,,,
Molloys Furnishers,shopping,"6-8 Saint James Street, Southport",,53.64166520000001,-3.0012531,,,
Hillside,shopping,"302 Liverpool Road, Southport",,53.6179155,-3.0164019,,,
Birkdale Curtains and Interiors (incorporating Rag Doll),shopping,"264-266 Liverpool Road, Southport",,53.6197297,-3.015555,,,
Ashley Kitchen & Bathroom Design Centre,shopping,"113 Eastbourne Road, Southport",,53.6306341,-3.0086385,,,
Pack-photo,shopping,"18 Clifford Road, Southport",,53.6225532,-3.0109339,,,
TradePoint Southport,shopping,"Meols Cop Road, Southport",,53.63305920000001,-2.9686675,,,
Southport Heating and Plumbing Services,shopping,"91 Lytham Road, Southport",,53.66937799999999,-2.9666734,,,
Inhouse Domestic Appliances,shopping,"77B Old Park Lane, Southport",,53.650293,-2.9670275,,,
New Look Kitchens Ltd,shopping,"11 Fosters Close, Churchtown, Southport",,53.65226759999999,-2.957895499999999,,,
Card & Gift Boutique,shopping,"32 Liverpool Road, Southport",,53.6336588,-3.0129943,,,
G.K.L. Builders,shopping,"20 Alexandra Road, Southport",,53.654661,-2.9962303,,,
Kutchentechnik Designer Kitchens and Bedrooms Southport Merseyside,shopping,"Unit 11, George Business Park, Cemetery Road, Southport",,53.6361621,-2.9989338,,,
Alison Paul Designs,shopping,"77 Shellfield Road, Southport",,53.6695277,-2.9643675,,,
Martin Kingdon,shopping,"Enterprise Business Park, Russell Road, Southport",,53.6446236,-2.9638151,,,
Thomas Bathrooms,shopping,"23 Bracebridge Drive, Southport",,53.6265904,-2.9758258,,,
Jon Lamb Furnishings,shopping,"107, 109 Eastbank Street, Southport",,53.6443143,-3.003433499999999,,,
R T Event & Education,shopping,"12 Cross Street, Southport",,53.6409841,-3.0062351,,,
Falcon Joinery & Building Services,shopping,"52 Zetland Street, Southport",,53.6468131,-2.9902568,,,
Craftsman Interiors,shopping,"4 Neales Fold, Southport",,53.67673910000001,-2.9458519,,,
R J Byrne Construction,shopping,"270 Liverpool Road, Southport",,53.61958430000001,-3.0156411,,,
British Heart Foundation - Home Store,shopping,"116 Lord Street, Southport",,53.64800259999999,-3.004708899999999,,,
North West Aerials,shopping,"Hesketh Mount, 92-96 Lord Street, Southport",,53.6464361,-3.0074758,,,
Quality Fireplaces Southport,shopping,"89-91 Eastbank Street, Southport",,53.64462090000001,-3.0037451,,,
In-Kreation,shopping,"21 Kingsway, Southport",,53.6458459,-3.0122606,,,
Southport Flue Liners,shopping,"96 Bath Street, Southport",,53.6519627,-3.0029748,,,
The Carpet Shop Southport,shopping,"32a The Mews, Virginia Street, Southport",,53.6432131,-2.9992014,,,
Gmac Plumbing & Gas Services,shopping,"9, 1 Lord Street West, Southport",,53.64311959999999,-3.014172400000001,,,
Crown Decorating Centre - Southport,shopping,"Unit 8, Kensington Road, Southport",,53.6447446,-2.9933982,,,
Radwraps Ltd,shopping,"Birkdale Business Centre, 11 Weld Parade, Weld Road, Birkdale, Southport",,53.63477229999999,-3.015290599999999,,,
Birkdale Antiques,shopping,"46 Liverpool Road, Southport",,53.633002,-3.0128418,,,
YESSS Electrical Southport,shopping,"Commerce Park, Merseyside, Unit 2 Crowland Street, Foul Lane, Southport",,53.6401665,-2.9698286,,,
Raymond Cartwright,shopping,"128 Old Park Lane, Southport",,53.6477325,-2.9673801,,,
Goggly,shopping,"Unit 9, Old Hall Farm Business Park, Goggly, Crowland Street, Southport",,53.64056609999999,-2.9686097,,,
Currys,shopping,"Unit 2a, Meols cop retail park, Southport",,53.6360034,-2.968849899999999,,,
Hollywood Mirrors - Reflections Of Me,shopping,"Unit 6, Crowland Street, Blowick, Southport",,53.6416911,-2.9643811,,,
Kitchen Fitter Southport,shopping,"24 Southport Road, Scarisbrick, Southport",,53.6298869,-2.9671853,,,
The Fitted Bedroom Specialists,shopping,"45 Shellfield Road, Southport",,53.6685566,-2.9672054,,,
Kfit Bathrooms,shopping,"115 Garstang Road, Southport",,53.6719935,-2.9660014,,,
PAV Group Ltd,shopping,"92 Jacksmere Lane, Scarisbrick, Ormskirk",,53.6146178,-2.950389,,,
Massams Supplies Ltd,shopping,"Renacres Hall Farm, Renacres Lane, Halsall",,53.60147260000001,-2.9526978,,,
Neptune,shopping,"Southport New Road, Preston",,53.6630235,-2.883565899999999,,,
Alison Paul Designs Ltd,shopping,"26 Southport Road, Formby, Liverpool",,53.5667369,-3.052958,,,
Martin K Berry Upholstery,shopping,"352 Blackgate Lane, Holmes, Preston",,53.6652363,-2.8625426,,,
United Carpets and Beds Southport,shopping,"169-173 Hart Street, Southport",,53.640411,-2.974248999999999,,,
Flooring UK,shopping,"22-24 Hart Street, Southport",,53.6428608,-2.9857924,,,
Stokers Furniture,shopping,"61 Hoghton Street, Southport",,53.649854,-2.999007999999999,,,
Checkers of Churchtown,shopping,"35-39 Botanic Road, Southport",,53.6588926,-2.9645535,,,
Wickes Southport,shopping,"Kew Retail Park Unit 4A, Southport",,53.63230799999999,-2.9673744,,,
Furniture Workshops Direct,shopping,"Unit 8, Banks Industrial Estate, Banks, Southport",,53.668564,-2.9055978,,,
MKM Building Supplies Southport,shopping,"Crowland Street, Southport",,53.6409343,-2.9695792,,,
Howdens - Southport,shopping,"Unit 9-14, Blowick Business Park, Crowland Street, Southport",,53.6420829,-2.962738700000001,,,
the clearance couch,shopping,"57-61 Chapel Street, Southport",,53.64772619999999,-3.0030551,,,
Ricketys,shopping,"Ricketys, Stanley Street, Southport",,53.65016919999999,-3.0041718,,,
Discount Bed Centre,shopping,"62-64 Eastbank Street, Southport",,53.64448760000001,-3.0042105,,,
Polka Dot Creative Interiors,shopping,"7 Bold Street, Southport",,53.6504933,-3.0028571,,,
Kaleidocrete,shopping,"Lord Street, Southport",,53.64511470000001,-3.0111736,,,
Tropicorna,shopping,"11A Union Street, Southport",,53.65031,-2.9994235,,,
Stanyon Lionel,shopping,"34 Derby Road, Southport",,53.6465668,-2.9974302,,,
Recline by Molloys,shopping,"4 Saint James Street, Southport",,53.64177269999999,-3.0011188,,,
Cosy Beds and Bedrooms,shopping,"Unit 6A, C12 - Central Twelve Shopping Park, Derby Road, Southport",,53.644625,-2.9952261,,,
Thomas Howie Kitchens and Bedrooms LTD,shopping,"25a Shakespeare Street, Southport",,53.6404353,-3.0026845,,,
Montague Upholstery,shopping,"Forest Road, Southport",,53.6425821,-2.9911572,,,
"Furniture,Timber & Trade",shopping,"16 Larkspur Close, Southport",,53.6431626,-2.9883771,,,
Kitchen Services Southport Ltd,shopping,"185 Portland Street, Southport",,53.6366853,-2.996054199999999,,,
Birkdale Kitchen Co.,shopping,"38 Weld Road, Birkdale, Southport",,53.6340565,-3.014922,,,
Rendezvous Furnishings,shopping,"48A Kew Road, Southport",,53.6275965,-3.0065353,,,
Betta Living Southport,shopping,"Bentham's Way, Halsall, Southport",,53.6266166,-2.9969263,,,
MKM Kitchens,shopping,Southport,,53.6403864,-2.9699117,,,
Southport Interiors,shopping,"Lancaster House, 95 Canning Road, Southport",,53.642089,-2.9664884,,,
Nick Collier Carpet Fitter,shopping,"2D Richmond Road, Southport",,53.6239453,-3.0147263,,,
Bensons for Beds Southport,shopping,"Unit 1a, Meols cop retail park, Meols Cop Road, Southport",,53.6348686,-2.9688058,,,
Fineline Installations,shopping,"Blowick Moss Lane, Southport",,53.6255184,-2.981439399999999,,,
Classic Upholstery,shopping,"155 Guildford Road, Southport",,53.62042089999999,-3.006052599999999,,,
TMi Interiors,shopping,"231 Fylde Road, Southport",,53.67424980000001,-2.9547769,,,
Lancashire Upholstery Ltd,shopping,"Bristow Farm, Gregory Lane, La, Ormskirk",,53.5927943,-2.9600012,,,
Ace Floors LTD,shopping,"817 Liverpool Road, Ainsdale, Southport",,53.58995220000001,-3.0394081,,,
MNS Cabinet Solutions Ltd,shopping,"Unit 4, Heaton Court, Scarisbrick, Ormskirk",,53.5966507,-2.9036161,,,
Northcrown Computers Ltd,shopping,"126 Guildford Road, Southport",,53.6195446,-3.0071387,,,
Maintec Ltd,shopping,"27 Aughton Road, Southport",,53.6393511,-3.012188,,,
James Smith &son,shopping,"42-46 Station Road, Ainsdale, Southport",,53.602244,-3.0395974,,,
CeX,shopping,"54 Chapel Street, Southport",,53.6470903,-3.0032062,,,
Vortex web design Ltd,shopping,"48A Sefton Street, Southport",,53.6405246,-2.9982727,,,
"SCC Southport Ltd, Ecig Shop on the Bridge",shopping,"52 Ash Street, Southport",,53.6427902,-2.9902634,,,
Rapid PC Repair Ltd,shopping,"129 Manchester Road, Southport",,53.6503909,-2.9874551,,,
Prestige Tint,shopping,"22a unit1, Brighton Road, Southport",,53.62906539999999,-3.0092693,,,
Riversway Computers & I.T.,shopping,"Banks, Southport",,53.6763894,-2.914492,,,
GAME,shopping,"Unit 1 and 2, 34-36 Tulketh Street, Southport",,53.6452424,-3.0025542,,,
Wilkinson Cameras,shopping,"38 Eastbank Street, Southport",,53.64526619999999,-3.0049891,,,
Nova-Tech,shopping,"52 Oxford Road, Southport",,53.6334745,-3.0193142,,,
Active AV Ltd,shopping,"359 Blackgate Lane, Tarleton, Preston",,53.66449,-2.862238,,,
Smiths TV,shopping,"84 Station Road, Southport",,53.6022435,-3.0396276,,,
Section One Computers,shopping,"House, Office 15, Shakespeare, 37-39 Shakespeare Street, Southport",,53.6401422,-3.0030675,,,
A-base Computers,shopping,"18 Radnor Drive, Southport",,53.6629454,-2.9695557,,,
Phone Clinic Southport,shopping,"14 a, Eastbank Street, Southport",,53.6459245,-3.0059139,,,
PAAUDIO,shopping,"8 Princes Street, Southport",,53.64543679999999,-3.0056778,,,
EZ Tech,shopping,"93 Eastbank Street, Southport",,53.6445658,-3.003593,,,
Abbingdon Global Ltd,shopping,"79 Scarisbrick New Road, Southport",,53.6373459,-2.9833353,,,
Memory Lane Pictures,shopping,"96 Cobden Road, Southport",,53.6431181,-2.9703896,,,
Hewitt Alarms and Electrical Contractor,shopping,"85 Preston New Road, Southport",,53.6660838,-2.9616463,,,
C.D. Berry TV,shopping,"C D Berry Tv Repairs, 72 Rufford Road, Southport",,53.6688425,-2.9484947,,,
Laptopbitz Limited,shopping,"8 Chisnall Brook Close, Haskayne, Ormskirk",,53.5659402,-2.9686375,,,
Southport Aquarium,shopping,"169-171 Eastbank Street, Southport",,53.6424691,-3.0012218,,,
Simple Pond Solutions,shopping,"63 Ashton Road, Southport",,53.61903179999999,-3.0192044,,,
best4pets,shopping,"30 Bridge Street, Southport",,53.6432417,-3.002095299999999,,,
Glad Wags Dog Grooming Spa & Boutique,shopping,"71 Sussex Road, Southport",,53.6461702,-2.9894309,,,
Maidenhead Aquatics Southport,shopping,"Southport, Bentham's Way Dobbies, Southport",,53.628758,-2.9969359,,,
Pets at Home Southport,shopping,"Unit 6, Retail Park, Marine Parade, Southport",,53.652818,-3.010132,,,
The Fish And Pet Pad Ltd,shopping,"George Business Park, Cemetery Road, Southport",,53.6361522,-2.9989076,,,
Discount Pets & Aquatics,shopping,"165 Eastbank Street, Southport",,53.64257079999999,-3.0013412,,,
Animal Barn,shopping,"15-19 Bold Street, Southport",,53.6507516,-3.0031953,,,
Pawly Petz,shopping,"50 Leyland Road, Southport",,53.6532686,-2.9896935,,,
Pet Care and dog grooming,shopping,"01704, 564795 13 Liverpool Road, Birkdale, Southport",,53.6342272,-3.013490500000001,,,
The New Aquastore,shopping,"71 Churchill Avenue, Southport",,53.6635302,-2.9756581,,,
DoggyStoppers,shopping,"64 Radnor Drive, Southport",,53.66407719999999,-2.972851,,,
Churchtown Pet Boutique,shopping,"27a Botanic Road, Southport",,53.6582974,-2.9650257,,,
Jollyes Pet Clinic - Southport,shopping,"Unit 3, kew retail park, Southport",,53.63230350000001,-2.9678271,,,
Jollyes - The Pet People Southport,shopping,"Unit 3, Kew Retail Park, Southport",,53.63225479999999,-2.9678311,,,
Doggy VIP Raw,shopping,"Brook Farm, Moss Side, Liverpool",,53.562302,-3.0435739,,,
Diamond Beautique By Beccie-Jayne,wellness,"Suite 11B, Shakespeare business centre, 43-51 Shakespeare Street, Southport",,53.6398276,-3.0030689,,,
Eyebrow Bar,wellness,"Shop 33, Marble Place Shopping Centre, Chapel Street, Southport",,53.6462563,-3.0047087,,,
Victoria Leisure Club,wellness,"42-43 Promenade, Southport",,53.65075770000001,-3.0064478,,,
Lavender House,wellness,"3 Manchester Road, Southport",,53.65149299999999,-2.9976558,,,
Marshside Health Club,wellness,"Industrial Estate, Unit 7a Slaidburn Crescent, Southport",,53.673523,-2.9613215,,,
Sephora Nails and Beauty,wellness,"49 Station Road, Ainsdale, Southport",,53.6019173,-3.0416173,,,
Sport and Spa Ltd,wellness,"4 Barrington Drive, Southport",,53.60222599999999,-3.050815399999999,,,
Portland Hall Spa,wellness,"17a Portland Street, Southport",,53.64419409999999,-3.0073121,,,
Mayflower Thai Massage - Southport,wellness,"4, 6 Princes Street, Southport",,53.645523,-3.005419,,,
Flow and Glow Infusions Ltd,wellness,"98 Lord Street, Southport",,53.64658130000001,-3.0072566,,,
GR SPA Hair & Beauty,wellness,"G.R spa, 49 Tulketh Street, Southport",,53.64548480000001,-3.0033214,,,
Mali Thai Massage Southport,wellness,"66 Eastbank Street, Southport",,53.644431,-3.004141999999999,,,
Perfections Cosmetics,wellness,"1a Hill Street, Southport",,53.6498436,-3.0013211,,,
Secret Escape Spa,wellness,"Ocean Plaza, Secret Escape Spa inside DW Fitness, Marine Drive, Southport",,53.65193290000001,-3.0151246,,,
Aesthetics with Medics,wellness,"8 Westcliffe Road, Southport",,53.6421704,-3.016629500000001,,,
AMS Plumbers Merchants Southport,wellness,"89, 95 Shakespeare Street, Southport",,53.6389122,-3.0046568,,,
Recover Room Southport,wellness,"18 Mosley Street, Southport",,53.6356213,-3.0070597,,,
Skiinsense Birkdale,wellness,"Crescent Road, Southport",,53.6292614,-3.0156429,,,
Holistic Wellbeing & Aesthetics Clinic,wellness,"25 Trafalgar Road, Southport",,53.6296166,-3.0217361,,,
Chic Beautè by Emma,wellness,"9 Mill Lane, Southport",,53.6545139,-2.9656643,,,
Dr Hennessy Cosmetic Clinic,wellness,"179 Liverpool Road, Southport",,53.6225094,-3.0121158,,,
thezenpath,wellness,"2 Victory Avenue, Southport",,53.64554,-2.9615758,,,
Azura Head Spa,wellness,"583 Liverpool Road, Southport",,53.6023748,-3.0344688,,,
Enviouskin Wellbeing Clinic,wellness,"The Barn, Old, Midge Hall Lane, Wyke Wood Lane, Southport",,53.6334542,-2.9109468,,,
Hair & Beauty @ Studio 57,wellness,"57 Station Road, Ainsdale, Southport",,53.601942,-3.0419045,,,
Purple Nails,wellness,"143-145 Eastbank Street, Southport",,53.64318179999999,-3.0021584,,,
V.I.P. Hair & Beauty Bar,wellness,"82 Duke Street, Southport",,53.6389591,-3.0060436,,,
Beauty One 2 One,wellness,"195 Lord Street, Southport",,53.6469865,-3.0084137,,,
Hair Loss Laser Group,wellness,"Victoria Health & Leisure The, 42-43 Promenade, Southport",,53.65062890000001,-3.006144900000001,,,
Element5 Hairdressing & Beauty,wellness,"76 Tulketh Street, Southport",,53.6446438,-3.001875000000001,,,
Barber Shop Southport,wellness,"107A Bispham Road, Southport",,53.64754929999999,-2.972350199999999,,,
Heads & Co Hair Design,wellness,"First Floor, 157 Lord Street, Southport",,53.6465968,-3.0091256,,,
Epic Hair & Beauty,wellness,"73 Eastbank Street, Southport",,53.64496579999999,-3.0042116,,,
Forever Beauty Make Up,wellness,"Hill Street, Southport",,53.64962930000001,-3.0009756,,,
ProAesthetics nw and Prohair Ltd,wellness,"155 Eastbank Street, Southport",,53.64294989999999,-3.0018137,,,
Southpaws Dog Grooming,wellness,"94 Eastbank Street, Southport",,53.6428654,-3.002149799999999,,,
MFbeauty,wellness,"20, The Academy, 15 Manchester Road, Southport",,53.6511039,-2.9979241,,,
Rose Tucker,wellness,"75 Sussex Road, Southport",,53.6461312,-2.9892334,,,
Element 5,wellness,"49 Tithebarn Road, Southport",,53.6448572,-2.9842492,,,
Caci Turn Back Time,wellness,"4 Parklands, Southport",,53.6526218,-2.9799393,,,
GLOW Birkdale,wellness,"71 Compton Road, Southport",,53.62934289999999,-3.0067915,,,
Amazing Nails 4 Guitarists,wellness,"22 Colchester Road, Southport",,53.6277431,-2.974649599999999,,,
The Cottage Retreat,wellness,"54 Botanic Road, Churchtown, Southport",,53.65895949999999,-2.9638616,,,
Skin Deep Beauty & Training Specialist,wellness,"80 Station Road, Ainsdale, Southport",,53.6022188,-3.039311999999999,,,
Refine Beauty Clinic,wellness,"2A Station Road, Southport",,53.6027933,-3.0350428,,,
Lounge Hair & Beauty,wellness,"5 Kew Road, Southport",,53.6306631,-3.0081374,,,
Red,wellness,"95a Canning Road, Southport",,53.64365350000001,-2.9663127,,,
Pink Nails,wellness,"79 Eastbank Street, Southport",,53.6448431,-3.004036,,,
10Dental,wellness,"10 Scarisbrick New Road, Southport",,53.64112919999999,-2.9986074,,,
Christopher Maerevoet Hair Beauty & Skin Clinic | Southport,wellness,"25 King Street, Southport",,53.6453123,-3.0080331,,,
Reflections Beauty Centre,wellness,"74 Tulketh Street, Southport",,53.644696,-3.001968,,,
The Beauty Spot,wellness,"9B Aughton Road, Southport",,53.6409598,-3.0144449,,,
BB’ Nails and Beauty,wellness,"8 Chapel Street, Southport",,53.6463298,-3.0054727,,,
LM Beauty,wellness,"311-317 Lord Street, Southport",,53.6485571,-3.0066377,,,
Blossom Nails - Beauty,wellness,"Marble Place Shopping Centre, Tulketh Street, Southport",,53.6463279,-3.0043715,,,
NailsByHolly,wellness,"49-55, Wayfarers Arcade, Southport",,53.6486656,-3.00691,,,
SPK LASER BEAUTY AND MASSAGE SERVICES,wellness,"The Vincent Hotel, 98 Lord Street, Southport",,53.64658130000001,-3.0072566,,,
Family Nails - Spa & Beauty,wellness,"3B Hoghton Street, Southport",,53.64794699999999,-3.0025667,,,
AK Nails & Spa,wellness,"18 Nevill Street, Southport",,53.64929009999999,-3.0051088,,,
Gentle beauty and aesthetics,wellness,"4 Hoghton Street, Southport",,53.647813,-3.0022686,,,
Juvinia Aesthetics,wellness,"92, 96 Lord Street, Southport",,53.64645100000001,-3.0076471,,,
Verite Fitness & Beauty,wellness,"9a Hoghton Street, Southport",,53.6482472,-3.0021897,,,
Anchor Street Chambers,wellness,"21 Anchor Street, Southport",,53.6486726,-3.0025316,,,
Briony Mulligan-Johnson Brow And Lash Artist,wellness,"21 Anchor Street, Southport",,53.6486726,-3.0025316,,,
Owens Beauty & Tanning,wellness,"107 Lord Street, Southport",,53.64823559999999,-3.0021405,,,
NAIL PARADISE,wellness,"26 Eastbank Street, Southport",,53.64556959999999,-3.005332699999999,,,
VS Nails & Beauty,wellness,"37 Tulketh Street, Southport",,53.6457752,-3.0036914,,,
The Opulence Hub,wellness,"4 Market Street, Southport",,53.6461327,-3.0076623,,,
Beauty Beyond Belief,wellness,"BEAUTY BEYOND BELIEF, 18 Stanley Street, Southport",,53.6496146,-3.0045037,,,
Kameleon Tanning & Beauty Salon Southport,wellness,"28 Eastbank Street, Southport",,53.6454821,-3.0052382,,,
EJ,wellness,"Kameleon Tanning & Beauty Salon, 28 Eastbank Street, Southport",,53.6454416,-3.0052624,,,
Southport Nails & Spa,wellness,"179 Lord Street, Southport",,53.6468596,-3.008601,,,
Angelic Nails Southport,wellness,"43 Tulketh Street, Southport",,53.6455966,-3.0034769,,,
Esmira's Beauty Room,wellness,"43 Tulketh Street, Southport",,53.6455966,-3.0034769,,,
Glam by zaz,wellness,"43 Tulketh Street, Southport",,53.6455529,-3.0035051,,,
BeautyHQ,wellness,"20 Wesley Street, Southport",,53.64545729999999,-3.0038023,,,
iSalon UK,wellness,"89B London Street, Southport",,53.6458806,-2.999655699999999,,,
Hair @ 52,wellness,"52a Zetland Street, Southport",,53.64678019999999,-2.9901714,,,
Headlines Hair Ltd Hair salon in Birkdale,wellness,"38 Liverpool Road, Southport",,53.63342170000001,-3.012868000000001,,,
Jason James Salon,wellness,"20A Hoghton Street, Southport",,53.6482146,-3.0014321,,,
Capelli Hair Studio,wellness,"149 Roe Lane, Southport",,53.65444480000001,-2.9656824,,,
Honeyzz,wellness,"21 Bold Street, Southport",,53.6508074,-3.0032826,,,
Victoria's Hair Studio,wellness,"129 Eastbank Street, Southport",,53.64370899999999,-3.0027128,,,
First Impressions,wellness,"128 Guildford Road, Southport",,53.6195001,-3.0071576,,,
The Platinum Salon,wellness,"Forum Court, 30 King Street, Southport",,53.6458186,-3.0077398,,,
The Barber Shoppe Shakespeare St,wellness,"86 Shakespeare Street, Southport",,53.6394659,-3.0047794,,,
The Barbers Lounge,wellness,"5 Hart Street, Southport",,53.64354309999999,-2.9880328,,,
Concetta @ Peaches,wellness,"Botanic Road, Churchtown, Southport",,53.65923,-2.9632452,,,
Imagination,wellness,"22 Shellfield Road, Southport",,53.6676668,-2.9684279,,,
Quartz Hair Design,wellness,"55 Ovington Drive, Southport",,53.6292209,-2.9770865,,,
Dylan John Hair & Beauty,wellness,"4A Liverpool Road, Southport",,53.6026901,-3.033756200000001,,,
The Master Barber's Shop,wellness,"315, 317 Lord Street, Southport",,53.6483079,-3.0059677,,,
Blades Barbers Shop,wellness,"2A Eastbank Street, Southport",,53.64678070000001,-3.0068888,,,
Turkish Golden Barber,wellness,"49 London Street, Southport",,53.64746599999999,-3.002126799999999,,,
Wesley Street Barbers,wellness,"26 Wesley Street, Southport",,53.64554469999999,-3.003614799999999,,,
Style Lab Southport,wellness,"22 Wesley Street, Southport",,53.6454861,-3.0037127,,,
Haudouken Studio - Barbers & Hair Stylists,wellness,"First Floor, 219 Sussex Road, Southport",,53.64233890000001,-2.9751718,,,
Amy Louise Creative Hair & Beauty,wellness,"2A Devonshire Road, Southport",,53.65006890000001,-2.9670519,,,
REECE.BIRKDALE,wellness,"198 Liverpool Road, Southport",,53.6224616,-3.0126063,,,
Vanity Hair & Holistic Studio,wellness,"22 Southport Road, Scarisbrick, Southport",,53.6299941,-2.9672338,,,
Olivia C Hairdressing,wellness,"79 Sandon Road, Southport",,53.6199361,-3.0218243,,,
Sweeney Todd,wellness,"135 Rufford Road, Southport",,53.6715907,-2.9486342,,,
Nico's Barbers,wellness,"4, Crown Buildings, Liverpool Road, Southport",,53.61732170000001,-3.0159249,,,
Headlines Hair Ltd,wellness,"662 Liverpool Road, Ainsdale, Southport",,53.6029225,-3.0345876,,,
Kerry Stannard hair nails beauty,wellness,"3 Grantham Road, Southport",,53.61975940000001,-3.0072443,,,
Sharon's Mobile Hairdressing,wellness,"177 Sussex Road, Southport",,53.6432148,-2.978388799999999,,,
Pelo Design,wellness,"31 Rufford Road, Southport",,53.66835409999999,-2.949326399999999,,,
THE BARBERS,wellness,"5 Green Lane, Formby, Liverpool",,53.5651004,-3.0586727,,,
Fringe Benefits Alex,wellness,"164A Sussex Road, Southport",,53.64285650000001,-2.9787307,,,
Oasis Hair Design,wellness,"637 Lord Street, Southport",,53.65178659999999,-2.999844599999999,,,
Headlines Hair Ltd,wellness,"39 West Street, Southport",,53.64819609999999,-3.008255999999999,,,
26 London St Hair Studio Southport,wellness,"26 London Street, Southport",,53.64785839999999,-3.0032621,,,
The Hair Lounge,wellness,"49-55 Wayfarers Arcade, Southport",,53.648595,-3.006608,,,
Istanbul Barber,wellness,"Stanley Street, Southport",,53.64925189999999,-3.005046099999999,,,
Brave barber,wellness,"35 Tulketh Street, Southport",,53.64581069999999,-3.0037821,,,
Treis Salon,wellness,"19 Anchor Street, Southport",,53.64871679999999,-3.0024579,,,
Paul Harrison Hair Design,wellness,"195 Lord Street, Southport",,53.6469865,-3.0084137,,,
Maestro Barber Shop,wellness,"30 Market Street, Southport",,53.6456184,-3.006612199999999,,,
Istanbul Barber Shop,wellness,"51 Eastbank Street, Southport",,53.6454556,-3.0046602,,,
Time4you,wellness,"53 Eastbank Street, Southport",,53.645374,-3.004671999999999,,,
ETHOS - CONTEMPORARY BARBERING,wellness,"45 Tulketh Street, Southport",,53.64555149999999,-3.0034405,,,
Oriental Yoga - Southport,wellness,"The School House, 12 Walmer Road, Southport",,53.63175870000001,-3.014398799999999,,,
Voice-Plus Academy Of Arts,wellness,"44 Bedford Road, Southport",,53.62595520000001,-3.0068021,,,
Transform Ladies Fitness,wellness,"26a Virginia Street, Southport",,53.6431604,-3.0001112,,,
Imperial Thai Boxing Academy,wellness,"2A Queens Road, Southport",,53.6509116,-2.9958744,,,
Base 51 Fitness,wellness,"51a Weld Road, Birkdale, Southport",,53.6345888,-3.0144227,,,
The Fitness Lab,wellness,"39 Weld Road, Southport",,53.6346223,-3.014661299999999,,,
Gymnastics & Tumbling,wellness,"Birkdale High School, Windy Harbour Road, Southport",,53.6118011,-3.023565000000001,,,
Everlast Gyms,wellness,"Ocean Plaza, Marine Drive, Preston",,53.651809,-3.015984999999999,,,
Formby Fitness,wellness,"9 Green Lane, Formby, Liverpool",,53.5649209,-3.0585239,,,
Body Pulse Fitness,wellness,"Unit 3, The Warehouse Gym, 30 Virginia Street, Southport",,53.6431035,-2.9995445,,,
658 Fitness,wellness,"658a Liverpool Road, Southport",,53.60307299999999,-3.034441,,,
Gymophobics Southport,wellness,"Unit 6, The Shakespeare Centre, Shakespeare Street, Southport",,53.6396785,-3.0027923,,,
Moov Reformer Pilates,wellness,"9B Hoghton Place, Southport",,53.6484856,-3.0022989,,,
NABBA Northwest,wellness,"26a Princes Street, Southport",,53.6453021,-3.006911,,,
LK Aerobic Gymnastics,wellness,"Unit 2, 76 Tulketh Street, Southport",,53.6450962,-3.0014834,,,
The Reformer Collective,wellness,"41-43 Promenade, Southport",,53.6508621,-3.0061536,,,
The Studio,wellness,"2B Mornington Road, Southport",,53.6481179,-2.9991801,,,
LifeCalm,wellness,"Princes Street, Southport",,53.6442068,-3.0077567,,,
From the Block Fitness,wellness,"From The Block Fitness, Promenade, Southport",,53.6515571,-3.0070232,,,
"Anytime Fitness, Southport",wellness,"2, Lord Street, Southport",,53.6451377,-3.012269899999999,,,
PWR BOX,wellness,"3 Garrick Parade, Kingsway, Southport",,53.6448972,-3.0121978,,,
Level Up Gym,wellness,"Rear of, 30 Virginia Street, Southport",,53.6432861,-2.9998431,,,
Pilates Works,wellness,"Crown Mews, 91A King Street, Southport",,53.6432212,-3.0106287,,,
Fraser Gailey - Personal Training / Online Coach,wellness,"Virginia Street, Southport",,53.6431222,-2.9995779,,,
Southport Mens Fitness,wellness,"30 Virginia Street, Southport",,53.64306759999999,-2.999568,,,
Snap Fitness Southport UK,wellness,"Unit 6, Central Twelve, Derby Road, Southport",,53.6445831,-2.9956272,,,
Jackman Gym ltd,wellness,"2 Queens Road, Southport",,53.6509569,-2.995937199999999,,,
Coastline CrossFit,wellness,"Unit D, Ocean Plaza, Marine Drive, Southport",,53.65157970000001,-3.0150171,,,
FLEX FIT,wellness,"16 - 18 Hall Street, Southport",,53.64584000000001,-2.9933772,,,
CSC Fitness,wellness,"83 Manchester Road 5 European Court, Southport",,53.6498888,-2.9927262,,,
CTC Strength and fitness,wellness,"unit 11, Kensington Industrial Estate, Hall Street, Southport",,53.6446261,-2.993077699999999,,,
Sculpt Studio,wellness,"9B Aughton Road, Southport",,53.6413573,-3.0137224,,,
Power Abs Function Gym,wellness,"Carpet Warehouse, 75 Duke Street, Southport",,53.6385381,-3.0050157,,,
Dan Purvis Gymnastics,wellness,"Esplanade, Southport",,53.6437871,-3.0230096,,,
Mandala studio,wellness,"1A Alma Road, Southport",,53.63661380000001,-3.0094728,,,
TERA Gym,wellness,"Unit 2, George Business Park, Southport",,53.6358924,-3.0001138,,,
JB BOXING & FITNESS,wellness,"18 Mosley Street, Southport",,53.635548,-3.0071038,,,
"Empowered Bumps Antenatal, Hypnobirthing & Pregnancy Classes, Baby Massage & Baby Yoga",wellness,"88 Promenade, Southport",,53.6582663,-2.9946928,,,
Outdoor Gym,wellness,"7 Park Crescent, Brentwood Court, Southport",,53.6557526,-2.985786800000001,,,
Outdoor Gym Area,wellness,"Portland Street, Southport",,53.633639,-2.9926586,,,
Beat Box Studio,wellness,"190A Sussex Road, Southport",,53.6422635,-2.9763534,,,
Project Phoenix Southport,wellness,"140 Norwood Road, Southport",,53.64140440000001,-2.975447700000001,,,
The Sports Hall,wellness,United Kingdom,,53.63708860000001,-2.979073999999999,,,
bear cave gym,wellness,"199 Wennington Road, Southport",,53.6444503,-2.9698318,,,
Outdoor Gym,wellness,"Scarisbrick New Road, Southport",,53.63520219999999,-2.9759897,,,
APEX Fitness,wellness,"Unit 2 Crowland Street, Southport",,53.6404426,-2.970729,,,
Outdoor Gym Area Inside Bedford Park,wellness,"Kew Rd, Bedford Road, Lyndhurst Road, Southport",,53.6246501,-3.0065521,,,
PureGym Southport,wellness,"Meols cop retail park, Foul Lane, Southport",,53.63612020000001,-2.9698504,,,
Anvil Gym,wellness,"Unit 22, AK Business Park, Russell Road, Southport",,53.64408510000001,-2.9632926,,,
U1st Health & Fitness,wellness,"7 Botanic Road, Churchtown, Southport",,53.657604,-2.965657,,,
The Corner Studios,wellness,"180 Cambridge Road, Southport",,53.6607196,-2.966027200000001,,,
Yippy Yoga,wellness,"42b Botanic Road, Southport",,53.65867799999999,-2.964262,,,
Combat Kicboxing with Jennie,wellness,"22 Pool Hey Lane, Southport",,53.62841410000001,-2.962086,,,
The Lava Movement,wellness,"New Cut Lane, Halsall, Southport",,53.6113358,-2.9960123,,,
Southport Star Amateur Boxing Club,wellness,"Millar's Pace, Southport",,53.6737518,-2.9611577,,,
712 Pilates,wellness,"712 Liverpool Road, Southport",,53.5983459,-3.0354845,,,
The Hub @ Banks,wellness,"Greaves Hall Avenue, Banks, Southport",,53.6747136,-2.916840199999999,,,
Southport & Tarleton Physiotherapy Services,wellness,"44 Promenade, Southport",,53.65099319999999,-3.006142799999999,,,
Ainsdale Physiotherapy,wellness,"632 Liverpool Road, Southport",,53.6040606,-3.0326153,,,
Freedom From Pain Solutions,wellness,"Hesketh Mount, 92-96 Lord Street, Southport",,53.6464361,-3.0074758,,,
RENPHYS PHYSIOTHERAPY,wellness,"Unit 8c, The Shakespeare Centre, 43-51 Shakespeare Street, Southport",,53.6401422,-3.0030675,,,
Transition Personal Training & Injury Rehabilitation,wellness,"66 Hawkshead Street, Southport",,53.64781559999999,-2.987958700000001,,,
MBody Physiotherapy UK,wellness,"135, 137 Forest Road, Southport",,53.6398911,-2.9791792,,,
Recovery Lab,wellness,"142c Cambridge Road, Southport",,53.6613433,-2.966424599999999,,,
Southport Physiotherapy,wellness,"49 Pool Hey Lane, Southport",,53.6295335,-2.9611503,,,
Remedi Physiotherapy,wellness,"658a Liverpool Road, Southport",,53.60305839999999,-3.034289,,,
Sarah Joseph,wellness,"Free From Pain, 681 Liverpool Road, Ainsdale, Southport",,53.5963168,-3.0364512,,,
Invigorating Therapy,wellness,"2/Hurlston Hall Cottages/Hurlston La, Ormskirk",,53.58880289999999,-2.9038505,,,
Holmeswood Canine Hydrotherapy & Rehabilitation,wellness,"Sandy Lane, Holmeswood, Rufford, Ormskirk",,53.64213700000001,-2.8578811,,,
One Call Taxis,transport,"3 Saint Luke's Road, Southport",,53.64437759999999,-2.988676799999999,,,
Autopoint service station,transport,"57 Cemetery Road, Southport",,53.6367448,-2.9970783,,,
Esso,transport,"5 Albert Road, Southport",,53.65285549999999,-2.997813499999999,,,
Esso,transport,"Preston New Road, Southport",,53.6622692,-2.9649459,,,
Morrisons Petrol Station,transport,"Winter Gardens, Southport",,53.646139,-3.015273,,,
bp,transport,"3A Scarisbrick New Road, Southport",,53.64187,-2.99956,,,
Shell,transport,"6, 16 Roe Lane, Southport",,53.65007629999999,-2.9857512,,,
Shell,transport,"555 Liverpool Road, Southport",,53.6033041,-3.032885,,,
Tesco Esso Express,transport,"Preston New Road, Churchtown, Southport",,53.6621104,-2.965111000000001,,,
Asda Scarisbrick Express Petrol,transport,"3A Scarisbrick New Road, Southport",,53.6418803,-2.9995148,,,
Esso,transport,"Scarisbrick New Road, Southport",,53.6334069,-2.9713207,,,
Tesco Petrol Station,transport,"Town Lane Kew, Southport",,53.6326314,-2.970662699999999,,,
Londis,transport,United Kingdom,,53.67425530000001,-2.9534584,,,
Esso Crossens,transport,"PRESTON ROAD, Crossens, Southport",,53.67445670000001,-2.9532617,,,
Texaco,transport,United Kingdom,,53.6734905,-2.9227998,,,
Gulf Petrol Forecourt,transport,"49 Halsall Road, Halsall, Ormskirk",,53.5902664,-2.9475122,,,
Halsall Garage,transport,"49 Halsall Road, Ormskirk",,53.5902764,-2.9474621,,,
Formby Bypass Filling Station,transport,"Southport Road, Liverpool",,53.5687659,-3.0483235,,,
The Bike Workshop @ MakeItWorkshop CIC,transport,"12 Cambridge Walks, Southport",,53.6470028,-3.0056685,,,
D H Williams Agencies,transport,"Unit 9 Hurlston Court Smithy Lane Scarisbrick, Scarisbrick, Ormskirk",,53.59637739999999,-2.9045386,,,
All Turf eBikes,transport,"352 Blackgate Lane, Preston",,53.6653502,-2.8624403,,,
Leisure Lakes Bikes Preston/Southport,transport,"The Gravel, Mere Brow, Tarleton, Preston",,53.6543151,-2.895094299999999,,,
Mosscrop,transport,"78 Bispham Road, Southport",,53.6470426,-2.972987,,,
Century Bikes,transport,"8, 10 Hawesside Street, Southport",,53.64625419999999,-2.9994402,,,
Electric Eco Bikes,transport,"111a, 113 Eastbank Street, Southport",,53.6440905,-3.0031635,,,
Powerstation Electric Bikes,transport,"25, The Anchorage, 21 Kingsway, Southport",,53.645841,-3.0122797,,,
Evans Cycles,transport,"ocean plaza, Marine Drive, Southport",,53.6512474,-3.015869,,,
Southport Cycles,transport,"53-55 Shakespeare Street, Southport",,53.6398434,-3.0036867,,,
High On Bikes Ltd,transport,"11, Hurlston Court, Smithy Lane, Scarisbrick, Ormskirk",,53.5962195,-2.9044371,,,
MODA Bikes,transport,"Moda Bikes, Unit 9 Hurlston Lane, Ormskirk",,53.59628799999999,-2.9043935,,,
Wennington Car Hire,transport,"4 Wennington Road, Southport",,53.6523013,-2.974835799999999,,,
One Love Wedding Car Hire,transport,"27 East Street, Southport",,53.64774,-2.989983000000001,,,
Self Drive Hire,transport,"2 Vicarage Lane, Banks, Southport",,53.68171299999999,-2.9253103,,,
Concierge Claims Management Limited,transport,"Suite 3, Southport Business Park, 3 Wight Moss Way, Southport",,53.6289789,-2.9871638,,,
IMO Car Wash,transport,"Kew Retail Park, Southport Road, Southport",,53.6314639,-2.9678515,,,
EnduroKlean,transport,"79 Cobden Road, Southport",,53.64473450000001,-2.966490400000001,,,
Waves Hand Car Wash Southport,transport,"Car Park of Tesco Store, Town Lane Kew, Southport",,53.6317768,-2.9717046,,,
Express Hand Car Wash,transport,"85 London Street, Southport",,53.64856469999999,-2.9998174,,,
Hand Car Wash & Valeting Centre,transport,"29 Wright Street, Southport",,53.6485235,-2.999755299999999,,,
MFG Car Wash Centre,transport,"Victoria Way, Southport",,53.6458639,-3.0154347,,,
Wash 4 U mobile car valeting,transport,"29 Duke Street, Southport",,53.6411477,-3.0092956,,,
Southport Hand Car Wash,transport,"Kensington Road, Southport",,53.6451502,-2.9919379,,,
Kensington Car Wash Ltd,transport,"75-79 Kensington Road, Southport",,53.6446395,-2.9915741,,,
Mobile Car Wash Southport,transport,Southport,,53.63525489999999,-3.0114747,,,
"Pinnacle Valeting, Detailing And Ceramic Coatings",transport,"Forest Road, Southport",,53.64114110000001,-2.9839679,,,
Topshine Hand Carwash,transport,"Eastbourne Road, Southport",,53.63105179999999,-3.0083151,,,
Wright Detail (detailing & valeting),transport,"145 Norwood Road, Southport",,53.640095,-2.973449,,,
AutoSpa Mobile Valeting & Detailing,transport,"Newton Street, Southport",,53.6478183,-2.965554200000001,,,
Elite Autocare,transport,"3 Moss Road, Southport",,53.6239437,-2.9963024,,,
MFG Car Wash Centre,transport,"Scarisbrick New Road, Southport",,53.63323099999999,-2.9713524,,,
Esso Automatic Car Wash,transport,"Scarisbrick New Road, Southport",,53.633213,-2.9713316,,,
detailing,transport,"Russell Road, Southport",,53.64381400000001,-2.9632012,,,
Tesco Automatic Car Wash,transport,"Town Lane Kew, Southport",,53.6328449,-2.9707131,,,
Auto-Mobile Valeting,transport,"90 Russell Road, Southport",,53.6442541,-2.9625786,,,
clean cars,transport,"Shaftesbury Road, Southport",,53.6179058,-3.0142949,,,
Wright Motor,transport,"65 Southport Road, Southport",,53.62777249999999,-2.96414,,,
BP Car Wash,transport,"Preston New Road, Southport",,53.6742109,-2.9537905,,,
MFG Car Wash Centre,transport,"Preston Road, Southport",,53.6742068,-2.9537798,,,
Super shine hand car wash,transport,"Southport New Road, Southport",,53.67571719999999,-2.935543,,,
Ainsdale Car Wash,transport,"Shore Road, Southport",,53.6029739,-3.0447123,,,
Speedy Valet,transport,"Maplebeck Drive, Southport",,53.6754792,-2.9314087,,,
Krystal clear car washing,transport,"Lancaster Gate, Southport",,53.6765681,-2.9285554,,,
Motoloc,transport,"Next to Bookers, 5 Crowland Street, Southport",,53.6412592,-2.969450299999999,,,
Sports Direct Multi-Storey Car Park,transport,"34-36 Tulketh Street, Southport",,53.6456811,-3.0032281,,,
Esplanade Car Park Southport (Sefton Council),transport,"Esplanade, Southport",,53.64679229999999,-3.0216372,,,
West Street Parking,transport,Southport,,53.6484561,-3.0074799,,,
Wright Street Car Park,transport,"Unnamed Road, Southport",,53.64749969999999,-3.001568899999999,,,
Bath Street Car Park,transport,"Bath Street, Southport",,53.6498024,-3.0056197,,,
YourParkingSpace,transport,"Sainsbury's, Southport",,53.649176,-3.002435,,,
NCP Southport Promenade,transport,"36 Promenade, Southport",,53.64797170000001,-3.0096199,,,
NCP Southport London Street,transport,"42 London Street, Southport",,53.6463884,-3.0011896,,,
Southport Promenade On Street Parking,transport,"Promenade, Southport",,53.6495541,-3.0082313,,,
Tulketh Street Car Park,transport,"Tulketh Street, Southport",,53.6451338,-3.003380699999999,,,
YourParkingSpace,transport,"8a West Street, Southport",,53.6469172,-3.0100917,,,
"8A West Street Car Park, Southport",transport,"8 West Street, Southport",,53.6469081,-3.0101643,,,
Tulketh Street Multi Storey Car Park,transport,"34 Tulketh Street, Southport",,53.6450405,-3.0024398,,,
Car Park,transport,Southport,,53.64442769999999,-3.0024333,,,
Promenade On-Street Car Parking,transport,"Southport Promenade Hospital, Promenade, Southport",,53.6510755,-3.0066573,,,
B&M Car Park,transport,Southport,,53.6461242,-3.0117742,,,
Total Car Parks,transport,"Hoghton Street, Southport",,53.6498281,-2.9981442,,,
YourParkingSpace,transport,"Central 12, Car Park, Merseyside",,53.645808,-2.997677,,,
Lord Street Car Park,transport,"182 Lord Street, Southport",,53.65134119999999,-2.9994673,,,
YourParkingSpace - C12 Central Twelve Shopping Parking,transport,Southport,,53.6457545,-2.996866199999999,,,
Central 12 Car Park,transport,"Derby Road, Southport",,53.64561459999999,-2.996415,,,
Morrisons Car Park,transport,Southport,,53.6462226,-3.014455,,,
Lower Promenade Parking,transport,"Lower Promenade, Southport",,53.65333489999999,-3.005085999999999,,,
Floral Hall Car Park,transport,"Unnamed Road, Southport",,53.6533378,-3.0047742,,,
Lord Street West United Church Car Park,transport,"5 Lord Street West, Southport",,53.6434882,-3.0123607,,,
YourParkingSpace,transport,"Premier Inn, Central, Southport",,53.65155799999999,-3.013873,,,
Esplanade Parking,transport,"Esplanade, Southport",,53.6475106,-3.0163641,,,
YourParkingSpace,transport,"Ocean Plaza, Southport",,53.653369,-3.01227,,,
Seafront Car Park,transport,"Marine Drive, Southport",,53.6511056,-3.0171975,,,
Southport Marine Drive Car Park,transport,Southport,,53.65463889999999,-3.012260699999999,,,
Southport Marine Drive Car Park,transport,"50 Marine Drive, Southport",,53.6567584,-3.0083006,,,
Car Park,transport,"31 Rotten Row, Southport",,53.64326149999999,-3.0191946,,,
Marine Drive Parking,transport,"Marine Drive, Southport",,53.6491167,-3.0212446,,,
P+R Birkdale,transport,"11 Liverpool Road, Birkdale, Southport",,53.632942,-3.0151925,,,
Smedley Hydro - Staff Car Park Entrance,transport,"Grosvenor Road, Southport",,53.6298658,-3.0196832,,,
Staff car park (Southport Hospital),transport,Southport,,53.6327217,-2.9813472,,,
Foul Ln Parking,transport,"Foul Ln Southport, Merseyside",,53.63886890000001,-2.9686939,,,
YourParkingSpace,transport,"Town Lane Kew, Southport",,53.6321501,-2.9711268,,,
YourParkingSpace,transport,"B&Q, Southport",,53.63377800000001,-2.968150999999999,,,
YourParkingSpace,transport,"Tesco Extra, Southport",,53.631716,-2.969939,,,
Car Park,transport,"Guildford Road Post Office, 1 Grantham Road, Southport",,53.6197198,-3.0072707,,,
Car Park,transport,"87 Sandon Road, Southport",,53.6200033,-3.022116,,,
Car Park,transport,"251, 251 Liverpool Road, Southport",,53.6188472,-3.0154506,,,
Car Park,transport,"B5244, Southport",,53.6598552,-2.9598435,,,
Botanic Gardens Car Park,transport,"Verulam Road, Southport",,53.6641628,-2.9594324,,,
RSPB Marshside,transport,"Marine Dr Southport, Merseyside",,53.6766197,-2.9821221,,,
Car Park,transport,Southport,,53.6767206,-2.9818711,,,
YourParkingSpace,transport,"Co-op Food, Ainsdale, Southport",,53.60258,-3.035385999999999,,,
The Co-operative Food Car Park,transport,"1 Station Road, Southport",,53.602096,-3.0353293,,,
Car park,transport,"JW4R+RX, Southport",,53.60710109999999,-3.0575523,,,
Ainsdale Railway Station Car Park,transport,United Kingdom,,53.60173930000001,-3.0430717,,,
Free Car Park,transport,"595-658, Southport",,53.6059038,-3.062676299999999,,,
YourParkingSpace,transport,"Premier Inn Southport, Ormskirk",,53.61013699999999,-2.934883,,,
St John Stone Church Car Park,transport,"Sandbrook Road, Southport",,53.5940834,-3.0375923,,,
113 School Ln Parking,transport,113 School Lane,,53.5615912,-2.9685434,,,
